-- phpMyAdmin SQL Dump
-- version 5.1.1
-- https://www.phpmyadmin.net/
--
-- Servidor: 127.0.0.1
-- Tiempo de generación: 10-02-2023 a las 10:14:34
-- Versión del servidor: 10.4.22-MariaDB
-- Versión de PHP: 7.3.33

SET SQL_MODE = "NO_AUTO_VALUE_ON_ZERO";
START TRANSACTION;
SET time_zone = "+00:00";


/*!40101 SET @OLD_CHARACTER_SET_CLIENT=@@CHARACTER_SET_CLIENT */;
/*!40101 SET @OLD_CHARACTER_SET_RESULTS=@@CHARACTER_SET_RESULTS */;
/*!40101 SET @OLD_COLLATION_CONNECTION=@@COLLATION_CONNECTION */;
/*!40101 SET NAMES utf8mb4 */;

--
-- Base de datos: `cines`
--
CREATE DATABASE IF NOT EXISTS `cines` DEFAULT CHARACTER SET utf8mb4 COLLATE utf8mb4_general_ci;
USE `cines`;

-- --------------------------------------------------------

--
-- Estructura de tabla para la tabla `cines`
--

CREATE TABLE `cines` (
  `cod_cine` varchar(3) NOT NULL,
  `nombre_cine` text NOT NULL
) ENGINE=InnoDB DEFAULT CHARSET=utf8mb4;

--
-- Volcado de datos para la tabla `cines`
--

INSERT INTO `cines` (`cod_cine`, `nombre_cine`) VALUES
('CC', 'Cinesa'),
('CE', 'Cines Elorrieta'),
('CY', 'Cines Yelmo');

-- --------------------------------------------------------

--
-- Estructura de tabla para la tabla `clientes`
--

CREATE TABLE `clientes` (
  `dni` varchar(9) NOT NULL,
  `nombre` text NOT NULL,
  `apellido_1` text NOT NULL,
  `apellido_2` text NOT NULL,
  `sexo` char(1) NOT NULL,
  `passw` text DEFAULT NULL
) ENGINE=InnoDB DEFAULT CHARSET=utf8mb4;

--
-- Volcado de datos para la tabla `clientes`
--

INSERT INTO `clientes` (`dni`, `nombre`, `apellido_1`, `apellido_2`, `sexo`, `passw`) VALUES
('22759228S', 'david', 'lopez', 'criado', 'h', '12345'),
('45994361L', 'clemen', 'rodriguez', 'regidor', 'h', '12345'),
('79009471D', 'gaizka', 'rodriguez', 'gonzalez', 'h', '12345');

-- --------------------------------------------------------

--
-- Estructura de tabla para la tabla `peliculas`
--

CREATE TABLE `peliculas` (
  `cod_pelicula` varchar(7) NOT NULL,
  `nom_peli` text NOT NULL,
  `genero` text NOT NULL,
  `duracion` int(11) NOT NULL,
  `coste` float NOT NULL
) ENGINE=InnoDB DEFAULT CHARSET=utf8mb4;

--
-- Volcado de datos para la tabla `peliculas`
--

INSERT INTO `peliculas` (`cod_pelicula`, `nom_peli`, `genero`, `duracion`, `coste`) VALUES
('AC001', 'Uncharted', 'Accion', 116, 6.1),
('AC002', 'Top Gun: Maverick', 'Accion', 131, 7.5),
('AC003', 'Black Panther', 'Accion', 161, 6.8),
('AC004', 'Fast & Furious 9', 'Accion', 143, 4.2),
('AC005', 'Mision Imposible: Fallout', 'Accion', 148, 5.1),
('CF001', 'Venom', 'Ciencia-Ficcion', 97, 5.3),
('CF002', 'Oblivion', 'Ciencia-Ficcion', 124, 3.8),
('CF003', 'Sharknado', 'Ciencia-Ficcion', 95, 2.7),
('CF004', 'Interestellar', 'Ciencia-Ficcion', 178, 6.4),
('CF005', 'El juego de Ender', 'Ciencia-Ficcion', 114, 4.5),
('CM001', 'Perfectos Desconocidos', 'Comedia', 97, 4.4),
('CM002', 'Murder Mystery', 'Comedia', 97, 5.6),
('CM003', 'Ted', 'Comedia', 106, 4.7),
('CM004', 'Toc Toc', 'Comedia', 90, 3.9),
('CM005', 'Borat', 'Comedia', 84, 2.9),
('DM001', '1917', 'Drama', 119, 4.1),
('DM002', 'Wonder', 'Drama', 114, 4.3),
('DM003', 'El Renacido', 'Drama', 156, 3.8),
('DM004', 'Cisne Negro', 'Drama', 108, 5.4),
('DM005', '300', 'Drama', 117, 3.9),
('TR001', 'Smile', 'Terror', 115, 5.2),
('TR002', 'Scream', 'Terror', 114, 3.6),
('TR003', 'Midsommar', 'Terror', 171, 7),
('TR004', 'La Monja', 'Terror', 96, 5.3),
('TR005', 'IT', 'Terror', 135, 3.8);

-- --------------------------------------------------------

--
-- Estructura de tabla para la tabla `salas`
--

CREATE TABLE `salas` (
  `cod_sala` varchar(7) NOT NULL,
  `nombre_sala` text NOT NULL,
  `cod_cine` varchar(3) NOT NULL
) ENGINE=InnoDB DEFAULT CHARSET=utf8mb4;

--
-- Volcado de datos para la tabla `salas`
--

INSERT INTO `salas` (`cod_sala`, `nombre_sala`, `cod_cine`) VALUES
('CC-01', 'Sala 1', 'CC'),
('CC-02', 'Sala 2', 'CC'),
('CC-03', 'Sala 3', 'CC'),
('CC-04', 'Sala 4', 'CC'),
('CC-05', 'Sala 5', 'CC'),
('CE-01', 'Sala 1', 'CE'),
('CE-02', 'Sala 2', 'CE'),
('CE-03', 'Sala 3', 'CE'),
('CE-04', 'Sala 4', 'CE'),
('CE-05', 'Sala 5', 'CE'),
('CY-01', 'Sala 1', 'CY'),
('CY-02', 'Sala 2', 'CY'),
('CY-03', 'Sala 3', 'CY'),
('CY-04', 'Sala 4', 'CY'),
('CY-05', 'Sala 5', 'CY');

-- --------------------------------------------------------

--
-- Estructura de tabla para la tabla `sesiones`
--

CREATE TABLE `sesiones` (
  `cod_sesion` varchar(10) NOT NULL,
  `fecha` date NOT NULL,
  `hora` varchar(5) NOT NULL,
  `cod_sala` varchar(7) NOT NULL,
  `cod_pelicula` varchar(7) NOT NULL
) ENGINE=InnoDB DEFAULT CHARSET=utf8mb4;

--
-- Volcado de datos para la tabla `sesiones`
--

INSERT INTO `sesiones` (`cod_sesion`, `fecha`, `hora`, `cod_sala`, `cod_pelicula`) VALUES
('CC-01-0030', '2023-03-01', '16:00', 'CC-01', 'CF001'),
('CC-01-0031', '2023-03-01', '18:00', 'CC-01', 'CF003'),
('CC-01-0032', '2023-03-01', '20:00', 'CC-01', 'AC005'),
('CC-01-0045', '2023-03-01', '16:00', 'CC-01', 'CM002'),
('CC-01-0046', '2023-03-01', '18:00', 'CC-01', 'DM002'),
('CC-01-0047', '2023-03-01', '20:00', 'CC-01', 'TR005'),
('CC-01-0090', '2023-03-02', '16:00', 'CC-01', 'TR003'),
('CC-01-0091', '2023-03-02', '18:00', 'CC-01', 'CF004'),
('CC-01-0092', '2023-03-02', '20:00', 'CC-01', 'DM001'),
('CC-01-0105', '2023-03-02', '16:00', 'CC-01', 'AC001'),
('CC-01-0106', '2023-03-02', '18:00', 'CC-01', 'TR001'),
('CC-01-0107', '2023-03-02', '20:00', 'CC-01', 'DM004'),
('CC-01-0150', '2023-03-03', '16:00', 'CC-01', 'DM002'),
('CC-01-0151', '2023-03-03', '18:00', 'CC-01', 'DM003'),
('CC-01-0152', '2023-03-03', '20:00', 'CC-01', 'CF004'),
('CC-01-0165', '2023-03-03', '16:00', 'CC-01', 'CM004'),
('CC-01-0166', '2023-03-03', '18:00', 'CC-01', 'CM001'),
('CC-01-0167', '2023-03-03', '20:00', 'CC-01', 'DM002'),
('CC-01-0210', '2023-03-04', '16:00', 'CC-01', 'TR001'),
('CC-01-0211', '2023-03-04', '18:00', 'CC-01', 'CF005'),
('CC-01-0212', '2023-03-04', '20:00', 'CC-01', 'TR002'),
('CC-01-0225', '2023-03-04', '16:00', 'CC-01', 'TR001'),
('CC-01-0226', '2023-03-04', '18:00', 'CC-01', 'TR004'),
('CC-01-0227', '2023-03-04', '20:00', 'CC-01', 'CF001'),
('CC-01-0270', '2023-03-05', '16:00', 'CC-01', 'TR002'),
('CC-01-0271', '2023-03-05', '18:00', 'CC-01', 'CM001'),
('CC-01-0272', '2023-03-05', '20:00', 'CC-01', 'AC001'),
('CC-01-0285', '2023-03-05', '16:00', 'CC-01', 'CM001'),
('CC-01-0286', '2023-03-05', '18:00', 'CC-01', 'TR001'),
('CC-01-0287', '2023-03-05', '20:00', 'CC-01', 'TR002'),
('CC-01-0330', '2023-03-06', '16:00', 'CC-01', 'DM005'),
('CC-01-0331', '2023-03-06', '18:00', 'CC-01', 'TR001'),
('CC-01-0332', '2023-03-06', '20:00', 'CC-01', 'AC003'),
('CC-01-0345', '2023-03-06', '16:00', 'CC-01', 'DM005'),
('CC-01-0346', '2023-03-06', '18:00', 'CC-01', 'AC001'),
('CC-01-0347', '2023-03-06', '20:00', 'CC-01', 'TR005'),
('CC-01-0390', '2023-03-07', '16:00', 'CC-01', 'DM005'),
('CC-01-0391', '2023-03-07', '18:00', 'CC-01', 'TR001'),
('CC-01-0392', '2023-03-07', '20:00', 'CC-01', 'DM005'),
('CC-01-0405', '2023-03-07', '16:00', 'CC-01', 'DM003'),
('CC-01-0406', '2023-03-07', '18:00', 'CC-01', 'CM002'),
('CC-01-0407', '2023-03-07', '20:00', 'CC-01', 'AC001'),
('CC-01-0450', '2023-03-08', '16:00', 'CC-01', 'CM004'),
('CC-01-0451', '2023-03-08', '18:00', 'CC-01', 'CF004'),
('CC-01-0452', '2023-03-08', '20:00', 'CC-01', 'AC005'),
('CC-01-0465', '2023-03-08', '16:00', 'CC-01', 'AC004'),
('CC-01-0466', '2023-03-08', '18:00', 'CC-01', 'CM003'),
('CC-01-0467', '2023-03-08', '20:00', 'CC-01', 'CF001'),
('CC-01-0510', '2023-03-09', '16:00', 'CC-01', 'CF001'),
('CC-01-0511', '2023-03-09', '18:00', 'CC-01', 'TR004'),
('CC-01-0512', '2023-03-09', '20:00', 'CC-01', 'TR005'),
('CC-01-0525', '2023-03-09', '16:00', 'CC-01', 'AC002'),
('CC-01-0526', '2023-03-09', '18:00', 'CC-01', 'TR001'),
('CC-01-0527', '2023-03-09', '20:00', 'CC-01', 'AC004'),
('CC-01-0570', '2023-03-10', '16:00', 'CC-01', 'CF005'),
('CC-01-0571', '2023-03-10', '18:00', 'CC-01', 'AC004'),
('CC-01-0572', '2023-03-10', '20:00', 'CC-01', 'TR002'),
('CC-01-0585', '2023-03-10', '16:00', 'CC-01', 'TR003'),
('CC-01-0586', '2023-03-10', '18:00', 'CC-01', 'AC002'),
('CC-01-0587', '2023-03-10', '20:00', 'CC-01', 'CM004'),
('CC-01-0630', '2023-03-11', '16:00', 'CC-01', 'CF001'),
('CC-01-0631', '2023-03-11', '18:00', 'CC-01', 'CM002'),
('CC-01-0632', '2023-03-11', '20:00', 'CC-01', 'TR004'),
('CC-01-0645', '2023-03-11', '16:00', 'CC-01', 'TR003'),
('CC-01-0646', '2023-03-11', '18:00', 'CC-01', 'CM005'),
('CC-01-0647', '2023-03-11', '20:00', 'CC-01', 'TR004'),
('CC-01-0690', '2023-03-12', '16:00', 'CC-01', 'AC001'),
('CC-01-0691', '2023-03-12', '18:00', 'CC-01', 'CM002'),
('CC-01-0692', '2023-03-12', '20:00', 'CC-01', 'CF002'),
('CC-01-0705', '2023-03-12', '16:00', 'CC-01', 'CF002'),
('CC-01-0706', '2023-03-12', '18:00', 'CC-01', 'AC001'),
('CC-01-0707', '2023-03-12', '20:00', 'CC-01', 'DM002'),
('CC-01-0750', '2023-03-13', '16:00', 'CC-01', 'AC003'),
('CC-01-0751', '2023-03-13', '18:00', 'CC-01', 'CM004'),
('CC-01-0752', '2023-03-13', '20:00', 'CC-01', 'TR003'),
('CC-01-0765', '2023-03-13', '16:00', 'CC-01', 'AC001'),
('CC-01-0766', '2023-03-13', '18:00', 'CC-01', 'CM002'),
('CC-01-0767', '2023-03-13', '20:00', 'CC-01', 'DM001'),
('CC-01-0810', '2023-03-14', '16:00', 'CC-01', 'DM001'),
('CC-01-0811', '2023-03-14', '18:00', 'CC-01', 'TR005'),
('CC-01-0812', '2023-03-14', '20:00', 'CC-01', 'AC002'),
('CC-01-0825', '2023-03-14', '16:00', 'CC-01', 'DM005'),
('CC-01-0826', '2023-03-14', '18:00', 'CC-01', 'CM004'),
('CC-01-0827', '2023-03-14', '20:00', 'CC-01', 'CM003'),
('CC-01-0870', '2023-03-15', '16:00', 'CC-01', 'AC004'),
('CC-01-0871', '2023-03-15', '18:00', 'CC-01', 'AC004'),
('CC-01-0872', '2023-03-15', '20:00', 'CC-01', 'CM004'),
('CC-01-0885', '2023-03-15', '16:00', 'CC-01', 'AC004'),
('CC-01-0886', '2023-03-15', '18:00', 'CC-01', 'DM004'),
('CC-01-0887', '2023-03-15', '20:00', 'CC-01', 'TR004'),
('CC-01-0930', '2023-03-16', '16:00', 'CC-01', 'DM002'),
('CC-01-0931', '2023-03-16', '18:00', 'CC-01', 'CF003'),
('CC-01-0932', '2023-03-16', '20:00', 'CC-01', 'CM004'),
('CC-01-0945', '2023-03-16', '16:00', 'CC-01', 'CF005'),
('CC-01-0946', '2023-03-16', '18:00', 'CC-01', 'CF002'),
('CC-01-0947', '2023-03-16', '20:00', 'CC-01', 'CM005'),
('CC-01-0990', '2023-03-17', '16:00', 'CC-01', 'DM005'),
('CC-01-0991', '2023-03-17', '18:00', 'CC-01', 'TR005'),
('CC-01-0992', '2023-03-17', '20:00', 'CC-01', 'TR005'),
('CC-01-1005', '2023-03-17', '16:00', 'CC-01', 'AC004'),
('CC-01-1006', '2023-03-17', '18:00', 'CC-01', 'TR003'),
('CC-01-1007', '2023-03-17', '20:00', 'CC-01', 'TR003'),
('CC-01-1050', '2023-03-18', '16:00', 'CC-01', 'CF005'),
('CC-01-1051', '2023-03-18', '18:00', 'CC-01', 'TR005'),
('CC-01-1052', '2023-03-18', '20:00', 'CC-01', 'TR001'),
('CC-01-1065', '2023-03-18', '16:00', 'CC-01', 'TR004'),
('CC-01-1066', '2023-03-18', '18:00', 'CC-01', 'DM004'),
('CC-01-1067', '2023-03-18', '20:00', 'CC-01', 'CF004'),
('CC-01-1110', '2023-03-19', '16:00', 'CC-01', 'DM004'),
('CC-01-1111', '2023-03-19', '18:00', 'CC-01', 'CM002'),
('CC-01-1112', '2023-03-19', '20:00', 'CC-01', 'TR002'),
('CC-01-1125', '2023-03-19', '16:00', 'CC-01', 'CF005'),
('CC-01-1126', '2023-03-19', '18:00', 'CC-01', 'CM003'),
('CC-01-1127', '2023-03-19', '20:00', 'CC-01', 'AC004'),
('CC-01-1170', '2023-03-20', '16:00', 'CC-01', 'DM004'),
('CC-01-1171', '2023-03-20', '18:00', 'CC-01', 'DM005'),
('CC-01-1172', '2023-03-20', '20:00', 'CC-01', 'AC005'),
('CC-01-1185', '2023-03-20', '16:00', 'CC-01', 'DM003'),
('CC-01-1186', '2023-03-20', '18:00', 'CC-01', 'TR002'),
('CC-01-1187', '2023-03-20', '20:00', 'CC-01', 'TR002'),
('CC-01-1230', '2023-03-21', '16:00', 'CC-01', 'TR003'),
('CC-01-1231', '2023-03-21', '18:00', 'CC-01', 'AC002'),
('CC-01-1232', '2023-03-21', '20:00', 'CC-01', 'TR003'),
('CC-01-1245', '2023-03-21', '16:00', 'CC-01', 'DM004'),
('CC-01-1246', '2023-03-21', '18:00', 'CC-01', 'CM005'),
('CC-01-1247', '2023-03-21', '20:00', 'CC-01', 'AC001'),
('CC-01-1290', '2023-03-22', '16:00', 'CC-01', 'DM005'),
('CC-01-1291', '2023-03-22', '18:00', 'CC-01', 'AC003'),
('CC-01-1292', '2023-03-22', '20:00', 'CC-01', 'DM005'),
('CC-01-1305', '2023-03-22', '16:00', 'CC-01', 'AC002'),
('CC-01-1306', '2023-03-22', '18:00', 'CC-01', 'TR004'),
('CC-01-1307', '2023-03-22', '20:00', 'CC-01', 'AC002'),
('CC-01-1350', '2023-03-23', '16:00', 'CC-01', 'CM003'),
('CC-01-1351', '2023-03-23', '18:00', 'CC-01', 'DM002'),
('CC-01-1352', '2023-03-23', '20:00', 'CC-01', 'DM003'),
('CC-01-1365', '2023-03-23', '16:00', 'CC-01', 'CM005'),
('CC-01-1366', '2023-03-23', '18:00', 'CC-01', 'TR001'),
('CC-01-1367', '2023-03-23', '20:00', 'CC-01', 'AC001'),
('CC-01-1410', '2023-03-24', '16:00', 'CC-01', 'TR002'),
('CC-01-1411', '2023-03-24', '18:00', 'CC-01', 'CF004'),
('CC-01-1412', '2023-03-24', '20:00', 'CC-01', 'CF002'),
('CC-01-1425', '2023-03-24', '16:00', 'CC-01', 'CM005'),
('CC-01-1426', '2023-03-24', '18:00', 'CC-01', 'CM005'),
('CC-01-1427', '2023-03-24', '20:00', 'CC-01', 'CM002'),
('CC-01-1470', '2023-03-25', '16:00', 'CC-01', 'TR005'),
('CC-01-1471', '2023-03-25', '18:00', 'CC-01', 'TR002'),
('CC-01-1472', '2023-03-25', '20:00', 'CC-01', 'CM005'),
('CC-01-1485', '2023-03-25', '16:00', 'CC-01', 'DM005'),
('CC-01-1486', '2023-03-25', '18:00', 'CC-01', 'AC001'),
('CC-01-1487', '2023-03-25', '20:00', 'CC-01', 'CM005'),
('CC-01-1530', '2023-03-26', '16:00', 'CC-01', 'CF003'),
('CC-01-1531', '2023-03-26', '18:00', 'CC-01', 'CM002'),
('CC-01-1532', '2023-03-26', '20:00', 'CC-01', 'CM004'),
('CC-01-1545', '2023-03-26', '16:00', 'CC-01', 'CM005'),
('CC-01-1546', '2023-03-26', '18:00', 'CC-01', 'AC004'),
('CC-01-1547', '2023-03-26', '20:00', 'CC-01', 'AC001'),
('CC-01-1590', '2023-03-27', '16:00', 'CC-01', 'DM001'),
('CC-01-1591', '2023-03-27', '18:00', 'CC-01', 'TR003'),
('CC-01-1592', '2023-03-27', '20:00', 'CC-01', 'TR002'),
('CC-01-1605', '2023-03-27', '16:00', 'CC-01', 'CM005'),
('CC-01-1606', '2023-03-27', '18:00', 'CC-01', 'TR005'),
('CC-01-1607', '2023-03-27', '20:00', 'CC-01', 'DM004'),
('CC-01-1650', '2023-03-28', '16:00', 'CC-01', 'CF002'),
('CC-01-1651', '2023-03-28', '18:00', 'CC-01', 'CM003'),
('CC-01-1652', '2023-03-28', '20:00', 'CC-01', 'AC001'),
('CC-01-1665', '2023-03-28', '16:00', 'CC-01', 'DM002'),
('CC-01-1666', '2023-03-28', '18:00', 'CC-01', 'TR001'),
('CC-01-1667', '2023-03-28', '20:00', 'CC-01', 'AC005'),
('CC-01-1710', '2023-03-29', '16:00', 'CC-01', 'TR005'),
('CC-01-1711', '2023-03-29', '18:00', 'CC-01', 'DM004'),
('CC-01-1712', '2023-03-29', '20:00', 'CC-01', 'AC003'),
('CC-01-1725', '2023-03-29', '16:00', 'CC-01', 'AC005'),
('CC-01-1726', '2023-03-29', '18:00', 'CC-01', 'CM003'),
('CC-01-1727', '2023-03-29', '20:00', 'CC-01', 'CM005'),
('CC-01-1770', '2023-03-30', '16:00', 'CC-01', 'CF005'),
('CC-01-1771', '2023-03-30', '18:00', 'CC-01', 'CM003'),
('CC-01-1772', '2023-03-30', '20:00', 'CC-01', 'DM003'),
('CC-01-1785', '2023-03-30', '16:00', 'CC-01', 'CM005'),
('CC-01-1786', '2023-03-30', '18:00', 'CC-01', 'DM002'),
('CC-01-1787', '2023-03-30', '20:00', 'CC-01', 'AC005'),
('CC-01-1830', '2023-03-31', '16:00', 'CC-01', 'CM002'),
('CC-01-1831', '2023-03-31', '18:00', 'CC-01', 'TR001'),
('CC-01-1832', '2023-03-31', '20:00', 'CC-01', 'CF005'),
('CC-01-1845', '2023-03-31', '16:00', 'CC-01', 'AC004'),
('CC-01-1846', '2023-03-31', '18:00', 'CC-01', 'CF004'),
('CC-01-1847', '2023-03-31', '20:00', 'CC-01', 'CM005'),
('CC-02-0033', '2023-03-01', '16:00', 'CC-02', 'DM003'),
('CC-02-0034', '2023-03-01', '18:00', 'CC-02', 'TR002'),
('CC-02-0035', '2023-03-01', '20:00', 'CC-02', 'CF004'),
('CC-02-0048', '2023-03-01', '16:00', 'CC-02', 'CF003'),
('CC-02-0049', '2023-03-01', '18:00', 'CC-02', 'CM001'),
('CC-02-0050', '2023-03-01', '20:00', 'CC-02', 'DM005'),
('CC-02-0093', '2023-03-02', '16:00', 'CC-02', 'DM004'),
('CC-02-0094', '2023-03-02', '18:00', 'CC-02', 'AC001'),
('CC-02-0095', '2023-03-02', '20:00', 'CC-02', 'AC005'),
('CC-02-0108', '2023-03-02', '16:00', 'CC-02', 'CM004'),
('CC-02-0109', '2023-03-02', '18:00', 'CC-02', 'CF005'),
('CC-02-0110', '2023-03-02', '20:00', 'CC-02', 'CM004'),
('CC-02-0153', '2023-03-03', '16:00', 'CC-02', 'CM001'),
('CC-02-0154', '2023-03-03', '18:00', 'CC-02', 'DM004'),
('CC-02-0155', '2023-03-03', '20:00', 'CC-02', 'AC003'),
('CC-02-0168', '2023-03-03', '16:00', 'CC-02', 'CF003'),
('CC-02-0169', '2023-03-03', '18:00', 'CC-02', 'DM003'),
('CC-02-0170', '2023-03-03', '20:00', 'CC-02', 'CM002'),
('CC-02-0213', '2023-03-04', '16:00', 'CC-02', 'CM001'),
('CC-02-0214', '2023-03-04', '18:00', 'CC-02', 'TR004'),
('CC-02-0215', '2023-03-04', '20:00', 'CC-02', 'CF004'),
('CC-02-0228', '2023-03-04', '16:00', 'CC-02', 'DM005'),
('CC-02-0229', '2023-03-04', '18:00', 'CC-02', 'TR002'),
('CC-02-0230', '2023-03-04', '20:00', 'CC-02', 'TR001'),
('CC-02-0273', '2023-03-05', '16:00', 'CC-02', 'CF004'),
('CC-02-0274', '2023-03-05', '18:00', 'CC-02', 'CF001'),
('CC-02-0275', '2023-03-05', '20:00', 'CC-02', 'CF001'),
('CC-02-0288', '2023-03-05', '16:00', 'CC-02', 'AC001'),
('CC-02-0289', '2023-03-05', '18:00', 'CC-02', 'TR002'),
('CC-02-0290', '2023-03-05', '20:00', 'CC-02', 'CM002'),
('CC-02-0333', '2023-03-06', '16:00', 'CC-02', 'DM004'),
('CC-02-0334', '2023-03-06', '18:00', 'CC-02', 'AC004'),
('CC-02-0335', '2023-03-06', '20:00', 'CC-02', 'AC004'),
('CC-02-0348', '2023-03-06', '16:00', 'CC-02', 'CF004'),
('CC-02-0349', '2023-03-06', '18:00', 'CC-02', 'AC002'),
('CC-02-0350', '2023-03-06', '20:00', 'CC-02', 'TR005'),
('CC-02-0393', '2023-03-07', '16:00', 'CC-02', 'CF001'),
('CC-02-0394', '2023-03-07', '18:00', 'CC-02', 'CM005'),
('CC-02-0395', '2023-03-07', '20:00', 'CC-02', 'CF003'),
('CC-02-0408', '2023-03-07', '16:00', 'CC-02', 'CM002'),
('CC-02-0409', '2023-03-07', '18:00', 'CC-02', 'AC002'),
('CC-02-0410', '2023-03-07', '20:00', 'CC-02', 'CM003'),
('CC-02-0453', '2023-03-08', '16:00', 'CC-02', 'TR003'),
('CC-02-0454', '2023-03-08', '18:00', 'CC-02', 'CM002'),
('CC-02-0455', '2023-03-08', '20:00', 'CC-02', 'DM003'),
('CC-02-0468', '2023-03-08', '16:00', 'CC-02', 'CM003'),
('CC-02-0469', '2023-03-08', '18:00', 'CC-02', 'DM004'),
('CC-02-0470', '2023-03-08', '20:00', 'CC-02', 'CF001'),
('CC-02-0513', '2023-03-09', '16:00', 'CC-02', 'TR003'),
('CC-02-0514', '2023-03-09', '18:00', 'CC-02', 'CM003'),
('CC-02-0515', '2023-03-09', '20:00', 'CC-02', 'AC001'),
('CC-02-0528', '2023-03-09', '16:00', 'CC-02', 'CF005'),
('CC-02-0529', '2023-03-09', '18:00', 'CC-02', 'AC002'),
('CC-02-0530', '2023-03-09', '20:00', 'CC-02', 'CM005'),
('CC-02-0573', '2023-03-10', '16:00', 'CC-02', 'DM005'),
('CC-02-0574', '2023-03-10', '18:00', 'CC-02', 'CM005'),
('CC-02-0575', '2023-03-10', '20:00', 'CC-02', 'AC001'),
('CC-02-0588', '2023-03-10', '16:00', 'CC-02', 'CF003'),
('CC-02-0589', '2023-03-10', '18:00', 'CC-02', 'CF001'),
('CC-02-0590', '2023-03-10', '20:00', 'CC-02', 'TR005'),
('CC-02-0633', '2023-03-11', '16:00', 'CC-02', 'DM004'),
('CC-02-0634', '2023-03-11', '18:00', 'CC-02', 'DM004'),
('CC-02-0635', '2023-03-11', '20:00', 'CC-02', 'TR005'),
('CC-02-0648', '2023-03-11', '16:00', 'CC-02', 'TR004'),
('CC-02-0649', '2023-03-11', '18:00', 'CC-02', 'CF001'),
('CC-02-0650', '2023-03-11', '20:00', 'CC-02', 'DM004'),
('CC-02-0693', '2023-03-12', '16:00', 'CC-02', 'CM004'),
('CC-02-0694', '2023-03-12', '18:00', 'CC-02', 'CF004'),
('CC-02-0695', '2023-03-12', '20:00', 'CC-02', 'TR005'),
('CC-02-0708', '2023-03-12', '16:00', 'CC-02', 'TR001'),
('CC-02-0709', '2023-03-12', '18:00', 'CC-02', 'AC003'),
('CC-02-0710', '2023-03-12', '20:00', 'CC-02', 'AC004'),
('CC-02-0753', '2023-03-13', '16:00', 'CC-02', 'TR001'),
('CC-02-0754', '2023-03-13', '18:00', 'CC-02', 'DM001'),
('CC-02-0755', '2023-03-13', '20:00', 'CC-02', 'AC001'),
('CC-02-0768', '2023-03-13', '16:00', 'CC-02', 'CF005'),
('CC-02-0769', '2023-03-13', '18:00', 'CC-02', 'TR005'),
('CC-02-0770', '2023-03-13', '20:00', 'CC-02', 'TR002'),
('CC-02-0813', '2023-03-14', '16:00', 'CC-02', 'CF005'),
('CC-02-0814', '2023-03-14', '18:00', 'CC-02', 'CF002'),
('CC-02-0815', '2023-03-14', '20:00', 'CC-02', 'TR003'),
('CC-02-0828', '2023-03-14', '16:00', 'CC-02', 'DM003'),
('CC-02-0829', '2023-03-14', '18:00', 'CC-02', 'AC005'),
('CC-02-0830', '2023-03-14', '20:00', 'CC-02', 'CF005'),
('CC-02-0873', '2023-03-15', '16:00', 'CC-02', 'CM004'),
('CC-02-0874', '2023-03-15', '18:00', 'CC-02', 'DM005'),
('CC-02-0875', '2023-03-15', '20:00', 'CC-02', 'CM004'),
('CC-02-0888', '2023-03-15', '16:00', 'CC-02', 'CM005'),
('CC-02-0889', '2023-03-15', '18:00', 'CC-02', 'CF003'),
('CC-02-0890', '2023-03-15', '20:00', 'CC-02', 'CM005'),
('CC-02-0933', '2023-03-16', '16:00', 'CC-02', 'AC002'),
('CC-02-0934', '2023-03-16', '18:00', 'CC-02', 'CM005'),
('CC-02-0935', '2023-03-16', '20:00', 'CC-02', 'TR002'),
('CC-02-0948', '2023-03-16', '16:00', 'CC-02', 'DM004'),
('CC-02-0949', '2023-03-16', '18:00', 'CC-02', 'CM002'),
('CC-02-0950', '2023-03-16', '20:00', 'CC-02', 'AC004'),
('CC-02-0993', '2023-03-17', '16:00', 'CC-02', 'DM004'),
('CC-02-0994', '2023-03-17', '18:00', 'CC-02', 'AC002'),
('CC-02-0995', '2023-03-17', '20:00', 'CC-02', 'AC004'),
('CC-02-1008', '2023-03-17', '16:00', 'CC-02', 'TR005'),
('CC-02-1009', '2023-03-17', '18:00', 'CC-02', 'AC005'),
('CC-02-1010', '2023-03-17', '20:00', 'CC-02', 'TR004'),
('CC-02-1053', '2023-03-18', '16:00', 'CC-02', 'AC002'),
('CC-02-1054', '2023-03-18', '18:00', 'CC-02', 'TR001'),
('CC-02-1055', '2023-03-18', '20:00', 'CC-02', 'CM002'),
('CC-02-1068', '2023-03-18', '16:00', 'CC-02', 'CM002'),
('CC-02-1069', '2023-03-18', '18:00', 'CC-02', 'AC002'),
('CC-02-1070', '2023-03-18', '20:00', 'CC-02', 'CF002'),
('CC-02-1113', '2023-03-19', '16:00', 'CC-02', 'TR002'),
('CC-02-1114', '2023-03-19', '18:00', 'CC-02', 'AC005'),
('CC-02-1115', '2023-03-19', '20:00', 'CC-02', 'AC001'),
('CC-02-1128', '2023-03-19', '16:00', 'CC-02', 'AC004'),
('CC-02-1129', '2023-03-19', '18:00', 'CC-02', 'CF004'),
('CC-02-1130', '2023-03-19', '20:00', 'CC-02', 'TR004'),
('CC-02-1173', '2023-03-20', '16:00', 'CC-02', 'CM004'),
('CC-02-1174', '2023-03-20', '18:00', 'CC-02', 'DM001'),
('CC-02-1175', '2023-03-20', '20:00', 'CC-02', 'TR001'),
('CC-02-1188', '2023-03-20', '16:00', 'CC-02', 'TR003'),
('CC-02-1189', '2023-03-20', '18:00', 'CC-02', 'AC005'),
('CC-02-1190', '2023-03-20', '20:00', 'CC-02', 'DM003'),
('CC-02-1233', '2023-03-21', '16:00', 'CC-02', 'TR004'),
('CC-02-1234', '2023-03-21', '18:00', 'CC-02', 'CF005'),
('CC-02-1235', '2023-03-21', '20:00', 'CC-02', 'TR004'),
('CC-02-1248', '2023-03-21', '16:00', 'CC-02', 'TR002'),
('CC-02-1249', '2023-03-21', '18:00', 'CC-02', 'TR004'),
('CC-02-1250', '2023-03-21', '20:00', 'CC-02', 'DM002'),
('CC-02-1293', '2023-03-22', '16:00', 'CC-02', 'CF005'),
('CC-02-1294', '2023-03-22', '18:00', 'CC-02', 'CM002'),
('CC-02-1295', '2023-03-22', '20:00', 'CC-02', 'TR003'),
('CC-02-1308', '2023-03-22', '16:00', 'CC-02', 'CM004'),
('CC-02-1309', '2023-03-22', '18:00', 'CC-02', 'CM002'),
('CC-02-1310', '2023-03-22', '20:00', 'CC-02', 'DM001'),
('CC-02-1353', '2023-03-23', '16:00', 'CC-02', 'DM003'),
('CC-02-1354', '2023-03-23', '18:00', 'CC-02', 'DM002'),
('CC-02-1355', '2023-03-23', '20:00', 'CC-02', 'TR003'),
('CC-02-1368', '2023-03-23', '16:00', 'CC-02', 'CM004'),
('CC-02-1369', '2023-03-23', '18:00', 'CC-02', 'TR005'),
('CC-02-1370', '2023-03-23', '20:00', 'CC-02', 'DM005'),
('CC-02-1413', '2023-03-24', '16:00', 'CC-02', 'TR005'),
('CC-02-1414', '2023-03-24', '18:00', 'CC-02', 'CF005'),
('CC-02-1415', '2023-03-24', '20:00', 'CC-02', 'TR002'),
('CC-02-1428', '2023-03-24', '16:00', 'CC-02', 'CF001'),
('CC-02-1429', '2023-03-24', '18:00', 'CC-02', 'AC002'),
('CC-02-1430', '2023-03-24', '20:00', 'CC-02', 'CF001'),
('CC-02-1473', '2023-03-25', '16:00', 'CC-02', 'TR003'),
('CC-02-1474', '2023-03-25', '18:00', 'CC-02', 'AC002'),
('CC-02-1475', '2023-03-25', '20:00', 'CC-02', 'AC004'),
('CC-02-1488', '2023-03-25', '16:00', 'CC-02', 'TR004'),
('CC-02-1489', '2023-03-25', '18:00', 'CC-02', 'DM002'),
('CC-02-1490', '2023-03-25', '20:00', 'CC-02', 'CF003'),
('CC-02-1533', '2023-03-26', '16:00', 'CC-02', 'CF004'),
('CC-02-1534', '2023-03-26', '18:00', 'CC-02', 'AC003'),
('CC-02-1535', '2023-03-26', '20:00', 'CC-02', 'CM002'),
('CC-02-1548', '2023-03-26', '16:00', 'CC-02', 'AC001'),
('CC-02-1549', '2023-03-26', '18:00', 'CC-02', 'TR003'),
('CC-02-1550', '2023-03-26', '20:00', 'CC-02', 'TR005'),
('CC-02-1593', '2023-03-27', '16:00', 'CC-02', 'CF001'),
('CC-02-1594', '2023-03-27', '18:00', 'CC-02', 'DM005'),
('CC-02-1595', '2023-03-27', '20:00', 'CC-02', 'CM002'),
('CC-02-1608', '2023-03-27', '16:00', 'CC-02', 'DM004'),
('CC-02-1609', '2023-03-27', '18:00', 'CC-02', 'CF002'),
('CC-02-1610', '2023-03-27', '20:00', 'CC-02', 'CF003'),
('CC-02-1653', '2023-03-28', '16:00', 'CC-02', 'CF005'),
('CC-02-1654', '2023-03-28', '18:00', 'CC-02', 'DM001'),
('CC-02-1655', '2023-03-28', '20:00', 'CC-02', 'TR005'),
('CC-02-1668', '2023-03-28', '16:00', 'CC-02', 'DM003'),
('CC-02-1669', '2023-03-28', '18:00', 'CC-02', 'DM002'),
('CC-02-1670', '2023-03-28', '20:00', 'CC-02', 'TR005'),
('CC-02-1713', '2023-03-29', '16:00', 'CC-02', 'CF003'),
('CC-02-1714', '2023-03-29', '18:00', 'CC-02', 'DM004'),
('CC-02-1715', '2023-03-29', '20:00', 'CC-02', 'TR005'),
('CC-02-1728', '2023-03-29', '16:00', 'CC-02', 'DM005'),
('CC-02-1729', '2023-03-29', '18:00', 'CC-02', 'CM001'),
('CC-02-1730', '2023-03-29', '20:00', 'CC-02', 'DM003'),
('CC-02-1773', '2023-03-30', '16:00', 'CC-02', 'CF005'),
('CC-02-1774', '2023-03-30', '18:00', 'CC-02', 'DM002'),
('CC-02-1775', '2023-03-30', '20:00', 'CC-02', 'CM002'),
('CC-02-1788', '2023-03-30', '16:00', 'CC-02', 'TR004'),
('CC-02-1789', '2023-03-30', '18:00', 'CC-02', 'DM002'),
('CC-02-1790', '2023-03-30', '20:00', 'CC-02', 'CM003'),
('CC-02-1833', '2023-03-31', '16:00', 'CC-02', 'DM004'),
('CC-02-1834', '2023-03-31', '18:00', 'CC-02', 'CM002'),
('CC-02-1835', '2023-03-31', '20:00', 'CC-02', 'TR003'),
('CC-02-1848', '2023-03-31', '16:00', 'CC-02', 'CF001'),
('CC-02-1849', '2023-03-31', '18:00', 'CC-02', 'AC005'),
('CC-02-1850', '2023-03-31', '20:00', 'CC-02', 'CF005'),
('CC-03-0036', '2023-03-01', '16:00', 'CC-03', 'CM004'),
('CC-03-0037', '2023-03-01', '18:00', 'CC-03', 'TR004'),
('CC-03-0038', '2023-03-01', '20:00', 'CC-03', 'DM005'),
('CC-03-0051', '2023-03-01', '16:00', 'CC-03', 'CF002'),
('CC-03-0052', '2023-03-01', '18:00', 'CC-03', 'CM004'),
('CC-03-0053', '2023-03-01', '20:00', 'CC-03', 'AC004'),
('CC-03-0096', '2023-03-02', '16:00', 'CC-03', 'TR005'),
('CC-03-0097', '2023-03-02', '18:00', 'CC-03', 'AC005'),
('CC-03-0098', '2023-03-02', '20:00', 'CC-03', 'AC002'),
('CC-03-0111', '2023-03-02', '16:00', 'CC-03', 'AC004'),
('CC-03-0112', '2023-03-02', '18:00', 'CC-03', 'CF001'),
('CC-03-0113', '2023-03-02', '20:00', 'CC-03', 'AC005'),
('CC-03-0156', '2023-03-03', '16:00', 'CC-03', 'CM001'),
('CC-03-0157', '2023-03-03', '18:00', 'CC-03', 'DM002'),
('CC-03-0158', '2023-03-03', '20:00', 'CC-03', 'CM005'),
('CC-03-0171', '2023-03-03', '16:00', 'CC-03', 'DM003'),
('CC-03-0172', '2023-03-03', '18:00', 'CC-03', 'TR001'),
('CC-03-0173', '2023-03-03', '20:00', 'CC-03', 'AC004'),
('CC-03-0216', '2023-03-04', '16:00', 'CC-03', 'TR004'),
('CC-03-0217', '2023-03-04', '18:00', 'CC-03', 'CF002'),
('CC-03-0218', '2023-03-04', '20:00', 'CC-03', 'DM002'),
('CC-03-0231', '2023-03-04', '16:00', 'CC-03', 'DM005'),
('CC-03-0232', '2023-03-04', '18:00', 'CC-03', 'CF001'),
('CC-03-0233', '2023-03-04', '20:00', 'CC-03', 'CF003'),
('CC-03-0276', '2023-03-05', '16:00', 'CC-03', 'AC001'),
('CC-03-0277', '2023-03-05', '18:00', 'CC-03', 'DM001'),
('CC-03-0278', '2023-03-05', '20:00', 'CC-03', 'CM001'),
('CC-03-0291', '2023-03-05', '16:00', 'CC-03', 'CM005'),
('CC-03-0292', '2023-03-05', '18:00', 'CC-03', 'AC002'),
('CC-03-0293', '2023-03-05', '20:00', 'CC-03', 'TR005'),
('CC-03-0336', '2023-03-06', '16:00', 'CC-03', 'AC004'),
('CC-03-0337', '2023-03-06', '18:00', 'CC-03', 'CF002'),
('CC-03-0338', '2023-03-06', '20:00', 'CC-03', 'TR001'),
('CC-03-0351', '2023-03-06', '16:00', 'CC-03', 'TR005'),
('CC-03-0352', '2023-03-06', '18:00', 'CC-03', 'CF005'),
('CC-03-0353', '2023-03-06', '20:00', 'CC-03', 'AC005'),
('CC-03-0396', '2023-03-07', '16:00', 'CC-03', 'TR001'),
('CC-03-0397', '2023-03-07', '18:00', 'CC-03', 'AC001'),
('CC-03-0398', '2023-03-07', '20:00', 'CC-03', 'TR001'),
('CC-03-0411', '2023-03-07', '16:00', 'CC-03', 'CM005'),
('CC-03-0412', '2023-03-07', '18:00', 'CC-03', 'AC002'),
('CC-03-0413', '2023-03-07', '20:00', 'CC-03', 'CF001'),
('CC-03-0456', '2023-03-08', '16:00', 'CC-03', 'TR001'),
('CC-03-0457', '2023-03-08', '18:00', 'CC-03', 'AC002'),
('CC-03-0458', '2023-03-08', '20:00', 'CC-03', 'TR004'),
('CC-03-0471', '2023-03-08', '16:00', 'CC-03', 'TR002'),
('CC-03-0472', '2023-03-08', '18:00', 'CC-03', 'AC003'),
('CC-03-0473', '2023-03-08', '20:00', 'CC-03', 'CF004'),
('CC-03-0516', '2023-03-09', '16:00', 'CC-03', 'CM005'),
('CC-03-0517', '2023-03-09', '18:00', 'CC-03', 'DM003'),
('CC-03-0518', '2023-03-09', '20:00', 'CC-03', 'CF004'),
('CC-03-0531', '2023-03-09', '16:00', 'CC-03', 'TR003'),
('CC-03-0532', '2023-03-09', '18:00', 'CC-03', 'CM002'),
('CC-03-0533', '2023-03-09', '20:00', 'CC-03', 'TR004'),
('CC-03-0576', '2023-03-10', '16:00', 'CC-03', 'CF004'),
('CC-03-0577', '2023-03-10', '18:00', 'CC-03', 'TR002'),
('CC-03-0578', '2023-03-10', '20:00', 'CC-03', 'AC002'),
('CC-03-0591', '2023-03-10', '16:00', 'CC-03', 'AC002'),
('CC-03-0592', '2023-03-10', '18:00', 'CC-03', 'CF004'),
('CC-03-0593', '2023-03-10', '20:00', 'CC-03', 'CF005'),
('CC-03-0636', '2023-03-11', '16:00', 'CC-03', 'DM005'),
('CC-03-0637', '2023-03-11', '18:00', 'CC-03', 'CF005'),
('CC-03-0638', '2023-03-11', '20:00', 'CC-03', 'AC005'),
('CC-03-0651', '2023-03-11', '16:00', 'CC-03', 'CM003'),
('CC-03-0652', '2023-03-11', '18:00', 'CC-03', 'CF003'),
('CC-03-0653', '2023-03-11', '20:00', 'CC-03', 'CM002'),
('CC-03-0696', '2023-03-12', '16:00', 'CC-03', 'AC003'),
('CC-03-0697', '2023-03-12', '18:00', 'CC-03', 'CM004'),
('CC-03-0698', '2023-03-12', '20:00', 'CC-03', 'CM003'),
('CC-03-0711', '2023-03-12', '16:00', 'CC-03', 'CM003'),
('CC-03-0712', '2023-03-12', '18:00', 'CC-03', 'CM001'),
('CC-03-0713', '2023-03-12', '20:00', 'CC-03', 'AC001'),
('CC-03-0756', '2023-03-13', '16:00', 'CC-03', 'AC002'),
('CC-03-0757', '2023-03-13', '18:00', 'CC-03', 'TR004'),
('CC-03-0758', '2023-03-13', '20:00', 'CC-03', 'DM005'),
('CC-03-0771', '2023-03-13', '16:00', 'CC-03', 'TR002'),
('CC-03-0772', '2023-03-13', '18:00', 'CC-03', 'CM004'),
('CC-03-0773', '2023-03-13', '20:00', 'CC-03', 'CM004'),
('CC-03-0816', '2023-03-14', '16:00', 'CC-03', 'TR002'),
('CC-03-0817', '2023-03-14', '18:00', 'CC-03', 'TR003'),
('CC-03-0818', '2023-03-14', '20:00', 'CC-03', 'CM001'),
('CC-03-0831', '2023-03-14', '16:00', 'CC-03', 'AC003'),
('CC-03-0832', '2023-03-14', '18:00', 'CC-03', 'CM005'),
('CC-03-0833', '2023-03-14', '20:00', 'CC-03', 'TR001'),
('CC-03-0876', '2023-03-15', '16:00', 'CC-03', 'AC001'),
('CC-03-0877', '2023-03-15', '18:00', 'CC-03', 'AC002'),
('CC-03-0878', '2023-03-15', '20:00', 'CC-03', 'AC001'),
('CC-03-0891', '2023-03-15', '16:00', 'CC-03', 'DM003'),
('CC-03-0892', '2023-03-15', '18:00', 'CC-03', 'DM001'),
('CC-03-0893', '2023-03-15', '20:00', 'CC-03', 'CF003'),
('CC-03-0936', '2023-03-16', '16:00', 'CC-03', 'AC003'),
('CC-03-0937', '2023-03-16', '18:00', 'CC-03', 'CF003'),
('CC-03-0938', '2023-03-16', '20:00', 'CC-03', 'CF001'),
('CC-03-0951', '2023-03-16', '16:00', 'CC-03', 'DM001'),
('CC-03-0952', '2023-03-16', '18:00', 'CC-03', 'DM003'),
('CC-03-0953', '2023-03-16', '20:00', 'CC-03', 'CF002'),
('CC-03-0996', '2023-03-17', '16:00', 'CC-03', 'TR002'),
('CC-03-0997', '2023-03-17', '18:00', 'CC-03', 'DM001'),
('CC-03-0998', '2023-03-17', '20:00', 'CC-03', 'TR004'),
('CC-03-1011', '2023-03-17', '16:00', 'CC-03', 'AC003'),
('CC-03-1012', '2023-03-17', '18:00', 'CC-03', 'AC005'),
('CC-03-1013', '2023-03-17', '20:00', 'CC-03', 'TR004'),
('CC-03-1056', '2023-03-18', '16:00', 'CC-03', 'DM002'),
('CC-03-1057', '2023-03-18', '18:00', 'CC-03', 'AC002'),
('CC-03-1058', '2023-03-18', '20:00', 'CC-03', 'AC003'),
('CC-03-1071', '2023-03-18', '16:00', 'CC-03', 'AC004'),
('CC-03-1072', '2023-03-18', '18:00', 'CC-03', 'CM002'),
('CC-03-1073', '2023-03-18', '20:00', 'CC-03', 'CM004'),
('CC-03-1116', '2023-03-19', '16:00', 'CC-03', 'TR004'),
('CC-03-1117', '2023-03-19', '18:00', 'CC-03', 'CM005'),
('CC-03-1118', '2023-03-19', '20:00', 'CC-03', 'TR001'),
('CC-03-1131', '2023-03-19', '16:00', 'CC-03', 'AC001'),
('CC-03-1132', '2023-03-19', '18:00', 'CC-03', 'CM002'),
('CC-03-1133', '2023-03-19', '20:00', 'CC-03', 'CF001'),
('CC-03-1176', '2023-03-20', '16:00', 'CC-03', 'AC002'),
('CC-03-1177', '2023-03-20', '18:00', 'CC-03', 'CM002'),
('CC-03-1178', '2023-03-20', '20:00', 'CC-03', 'TR001'),
('CC-03-1191', '2023-03-20', '16:00', 'CC-03', 'CM004'),
('CC-03-1192', '2023-03-20', '18:00', 'CC-03', 'CM005'),
('CC-03-1193', '2023-03-20', '20:00', 'CC-03', 'CF001'),
('CC-03-1236', '2023-03-21', '16:00', 'CC-03', 'AC002'),
('CC-03-1237', '2023-03-21', '18:00', 'CC-03', 'AC002'),
('CC-03-1238', '2023-03-21', '20:00', 'CC-03', 'AC001'),
('CC-03-1251', '2023-03-21', '16:00', 'CC-03', 'DM003'),
('CC-03-1252', '2023-03-21', '18:00', 'CC-03', 'CF003'),
('CC-03-1253', '2023-03-21', '20:00', 'CC-03', 'DM004'),
('CC-03-1296', '2023-03-22', '16:00', 'CC-03', 'TR001'),
('CC-03-1297', '2023-03-22', '18:00', 'CC-03', 'CF003'),
('CC-03-1298', '2023-03-22', '20:00', 'CC-03', 'DM003'),
('CC-03-1311', '2023-03-22', '16:00', 'CC-03', 'CM001'),
('CC-03-1312', '2023-03-22', '18:00', 'CC-03', 'DM005'),
('CC-03-1313', '2023-03-22', '20:00', 'CC-03', 'AC003'),
('CC-03-1356', '2023-03-23', '16:00', 'CC-03', 'AC005'),
('CC-03-1357', '2023-03-23', '18:00', 'CC-03', 'AC005'),
('CC-03-1358', '2023-03-23', '20:00', 'CC-03', 'DM005'),
('CC-03-1371', '2023-03-23', '16:00', 'CC-03', 'DM004'),
('CC-03-1372', '2023-03-23', '18:00', 'CC-03', 'CM005'),
('CC-03-1373', '2023-03-23', '20:00', 'CC-03', 'DM002'),
('CC-03-1416', '2023-03-24', '16:00', 'CC-03', 'CM003'),
('CC-03-1417', '2023-03-24', '18:00', 'CC-03', 'DM004'),
('CC-03-1418', '2023-03-24', '20:00', 'CC-03', 'CM001'),
('CC-03-1431', '2023-03-24', '16:00', 'CC-03', 'CF001'),
('CC-03-1432', '2023-03-24', '18:00', 'CC-03', 'CF003'),
('CC-03-1433', '2023-03-24', '20:00', 'CC-03', 'TR001'),
('CC-03-1476', '2023-03-25', '16:00', 'CC-03', 'DM001'),
('CC-03-1477', '2023-03-25', '18:00', 'CC-03', 'DM003'),
('CC-03-1478', '2023-03-25', '20:00', 'CC-03', 'TR002'),
('CC-03-1491', '2023-03-25', '16:00', 'CC-03', 'AC004'),
('CC-03-1492', '2023-03-25', '18:00', 'CC-03', 'AC005'),
('CC-03-1493', '2023-03-25', '20:00', 'CC-03', 'AC003'),
('CC-03-1536', '2023-03-26', '16:00', 'CC-03', 'AC004'),
('CC-03-1537', '2023-03-26', '18:00', 'CC-03', 'CF003'),
('CC-03-1538', '2023-03-26', '20:00', 'CC-03', 'CF001'),
('CC-03-1551', '2023-03-26', '16:00', 'CC-03', 'CM002'),
('CC-03-1552', '2023-03-26', '18:00', 'CC-03', 'CM002'),
('CC-03-1553', '2023-03-26', '20:00', 'CC-03', 'AC005'),
('CC-03-1596', '2023-03-27', '16:00', 'CC-03', 'AC004'),
('CC-03-1597', '2023-03-27', '18:00', 'CC-03', 'CM002'),
('CC-03-1598', '2023-03-27', '20:00', 'CC-03', 'DM004'),
('CC-03-1611', '2023-03-27', '16:00', 'CC-03', 'DM004'),
('CC-03-1612', '2023-03-27', '18:00', 'CC-03', 'DM001'),
('CC-03-1613', '2023-03-27', '20:00', 'CC-03', 'TR003'),
('CC-03-1656', '2023-03-28', '16:00', 'CC-03', 'CF001'),
('CC-03-1657', '2023-03-28', '18:00', 'CC-03', 'DM001'),
('CC-03-1658', '2023-03-28', '20:00', 'CC-03', 'CF004'),
('CC-03-1671', '2023-03-28', '16:00', 'CC-03', 'AC003'),
('CC-03-1672', '2023-03-28', '18:00', 'CC-03', 'CF004'),
('CC-03-1673', '2023-03-28', '20:00', 'CC-03', 'CM001'),
('CC-03-1716', '2023-03-29', '16:00', 'CC-03', 'CM005'),
('CC-03-1717', '2023-03-29', '18:00', 'CC-03', 'CF003'),
('CC-03-1718', '2023-03-29', '20:00', 'CC-03', 'AC004'),
('CC-03-1731', '2023-03-29', '16:00', 'CC-03', 'DM004'),
('CC-03-1732', '2023-03-29', '18:00', 'CC-03', 'CM002'),
('CC-03-1733', '2023-03-29', '20:00', 'CC-03', 'TR005'),
('CC-03-1776', '2023-03-30', '16:00', 'CC-03', 'AC005'),
('CC-03-1777', '2023-03-30', '18:00', 'CC-03', 'AC005'),
('CC-03-1778', '2023-03-30', '20:00', 'CC-03', 'DM003'),
('CC-03-1791', '2023-03-30', '16:00', 'CC-03', 'CF001'),
('CC-03-1792', '2023-03-30', '18:00', 'CC-03', 'DM004'),
('CC-03-1793', '2023-03-30', '20:00', 'CC-03', 'DM002'),
('CC-03-1836', '2023-03-31', '16:00', 'CC-03', 'DM005'),
('CC-03-1837', '2023-03-31', '18:00', 'CC-03', 'TR002'),
('CC-03-1838', '2023-03-31', '20:00', 'CC-03', 'AC003'),
('CC-03-1851', '2023-03-31', '16:00', 'CC-03', 'DM001'),
('CC-03-1852', '2023-03-31', '18:00', 'CC-03', 'CF005'),
('CC-03-1853', '2023-03-31', '20:00', 'CC-03', 'AC001'),
('CC-04-0039', '2023-03-01', '16:00', 'CC-04', 'DM005'),
('CC-04-0040', '2023-03-01', '18:00', 'CC-04', 'DM003'),
('CC-04-0041', '2023-03-01', '20:00', 'CC-04', 'TR005'),
('CC-04-0054', '2023-03-01', '16:00', 'CC-04', 'DM001'),
('CC-04-0055', '2023-03-01', '18:00', 'CC-04', 'DM004'),
('CC-04-0056', '2023-03-01', '20:00', 'CC-04', 'CM001'),
('CC-04-0099', '2023-03-02', '16:00', 'CC-04', 'CM003'),
('CC-04-0100', '2023-03-02', '18:00', 'CC-04', 'TR001'),
('CC-04-0101', '2023-03-02', '20:00', 'CC-04', 'DM005'),
('CC-04-0114', '2023-03-02', '16:00', 'CC-04', 'AC004'),
('CC-04-0115', '2023-03-02', '18:00', 'CC-04', 'TR001'),
('CC-04-0116', '2023-03-02', '20:00', 'CC-04', 'CM003'),
('CC-04-0159', '2023-03-03', '16:00', 'CC-04', 'CF005'),
('CC-04-0160', '2023-03-03', '18:00', 'CC-04', 'CF004'),
('CC-04-0161', '2023-03-03', '20:00', 'CC-04', 'CM005'),
('CC-04-0174', '2023-03-03', '16:00', 'CC-04', 'CM005'),
('CC-04-0175', '2023-03-03', '18:00', 'CC-04', 'DM005'),
('CC-04-0176', '2023-03-03', '20:00', 'CC-04', 'CM001'),
('CC-04-0219', '2023-03-04', '16:00', 'CC-04', 'CF005'),
('CC-04-0220', '2023-03-04', '18:00', 'CC-04', 'DM004'),
('CC-04-0221', '2023-03-04', '20:00', 'CC-04', 'CF003'),
('CC-04-0234', '2023-03-04', '16:00', 'CC-04', 'CM003'),
('CC-04-0235', '2023-03-04', '18:00', 'CC-04', 'TR004'),
('CC-04-0236', '2023-03-04', '20:00', 'CC-04', 'CM005'),
('CC-04-0279', '2023-03-05', '16:00', 'CC-04', 'DM005'),
('CC-04-0280', '2023-03-05', '18:00', 'CC-04', 'AC002'),
('CC-04-0281', '2023-03-05', '20:00', 'CC-04', 'CF004'),
('CC-04-0294', '2023-03-05', '16:00', 'CC-04', 'AC002'),
('CC-04-0295', '2023-03-05', '18:00', 'CC-04', 'CF002'),
('CC-04-0296', '2023-03-05', '20:00', 'CC-04', 'DM002'),
('CC-04-0339', '2023-03-06', '16:00', 'CC-04', 'AC002'),
('CC-04-0340', '2023-03-06', '18:00', 'CC-04', 'AC004'),
('CC-04-0341', '2023-03-06', '20:00', 'CC-04', 'AC004'),
('CC-04-0354', '2023-03-06', '16:00', 'CC-04', 'DM004'),
('CC-04-0355', '2023-03-06', '18:00', 'CC-04', 'AC001'),
('CC-04-0356', '2023-03-06', '20:00', 'CC-04', 'AC005'),
('CC-04-0399', '2023-03-07', '16:00', 'CC-04', 'CM002'),
('CC-04-0400', '2023-03-07', '18:00', 'CC-04', 'AC002'),
('CC-04-0401', '2023-03-07', '20:00', 'CC-04', 'CM002'),
('CC-04-0414', '2023-03-07', '16:00', 'CC-04', 'CM002'),
('CC-04-0415', '2023-03-07', '18:00', 'CC-04', 'AC005'),
('CC-04-0416', '2023-03-07', '20:00', 'CC-04', 'TR004'),
('CC-04-0459', '2023-03-08', '16:00', 'CC-04', 'AC005'),
('CC-04-0460', '2023-03-08', '18:00', 'CC-04', 'CF002'),
('CC-04-0461', '2023-03-08', '20:00', 'CC-04', 'DM005'),
('CC-04-0474', '2023-03-08', '16:00', 'CC-04', 'DM003'),
('CC-04-0475', '2023-03-08', '18:00', 'CC-04', 'CF002'),
('CC-04-0476', '2023-03-08', '20:00', 'CC-04', 'DM001'),
('CC-04-0519', '2023-03-09', '16:00', 'CC-04', 'CM003'),
('CC-04-0520', '2023-03-09', '18:00', 'CC-04', 'AC002'),
('CC-04-0521', '2023-03-09', '20:00', 'CC-04', 'AC004'),
('CC-04-0534', '2023-03-09', '16:00', 'CC-04', 'CF001'),
('CC-04-0535', '2023-03-09', '18:00', 'CC-04', 'DM002'),
('CC-04-0536', '2023-03-09', '20:00', 'CC-04', 'CM002'),
('CC-04-0579', '2023-03-10', '16:00', 'CC-04', 'CF003'),
('CC-04-0580', '2023-03-10', '18:00', 'CC-04', 'AC004'),
('CC-04-0581', '2023-03-10', '20:00', 'CC-04', 'CM005'),
('CC-04-0594', '2023-03-10', '16:00', 'CC-04', 'DM001'),
('CC-04-0595', '2023-03-10', '18:00', 'CC-04', 'CF002'),
('CC-04-0596', '2023-03-10', '20:00', 'CC-04', 'CF002'),
('CC-04-0639', '2023-03-11', '16:00', 'CC-04', 'CF005'),
('CC-04-0640', '2023-03-11', '18:00', 'CC-04', 'DM002'),
('CC-04-0641', '2023-03-11', '20:00', 'CC-04', 'CF005'),
('CC-04-0654', '2023-03-11', '16:00', 'CC-04', 'DM002'),
('CC-04-0655', '2023-03-11', '18:00', 'CC-04', 'TR001'),
('CC-04-0656', '2023-03-11', '20:00', 'CC-04', 'TR003'),
('CC-04-0699', '2023-03-12', '16:00', 'CC-04', 'AC002'),
('CC-04-0700', '2023-03-12', '18:00', 'CC-04', 'TR001'),
('CC-04-0701', '2023-03-12', '20:00', 'CC-04', 'CF004'),
('CC-04-0714', '2023-03-12', '16:00', 'CC-04', 'CF004'),
('CC-04-0715', '2023-03-12', '18:00', 'CC-04', 'TR002'),
('CC-04-0716', '2023-03-12', '20:00', 'CC-04', 'CM002'),
('CC-04-0759', '2023-03-13', '16:00', 'CC-04', 'AC002'),
('CC-04-0760', '2023-03-13', '18:00', 'CC-04', 'AC003'),
('CC-04-0761', '2023-03-13', '20:00', 'CC-04', 'CM003'),
('CC-04-0774', '2023-03-13', '16:00', 'CC-04', 'DM003'),
('CC-04-0775', '2023-03-13', '18:00', 'CC-04', 'TR005'),
('CC-04-0776', '2023-03-13', '20:00', 'CC-04', 'AC005'),
('CC-04-0819', '2023-03-14', '16:00', 'CC-04', 'CM002'),
('CC-04-0820', '2023-03-14', '18:00', 'CC-04', 'CM004'),
('CC-04-0821', '2023-03-14', '20:00', 'CC-04', 'AC005'),
('CC-04-0834', '2023-03-14', '16:00', 'CC-04', 'TR003'),
('CC-04-0835', '2023-03-14', '18:00', 'CC-04', 'AC002'),
('CC-04-0836', '2023-03-14', '20:00', 'CC-04', 'AC002'),
('CC-04-0879', '2023-03-15', '16:00', 'CC-04', 'TR003'),
('CC-04-0880', '2023-03-15', '18:00', 'CC-04', 'DM005'),
('CC-04-0881', '2023-03-15', '20:00', 'CC-04', 'AC002'),
('CC-04-0894', '2023-03-15', '16:00', 'CC-04', 'CM002'),
('CC-04-0895', '2023-03-15', '18:00', 'CC-04', 'AC002'),
('CC-04-0896', '2023-03-15', '20:00', 'CC-04', 'TR005'),
('CC-04-0939', '2023-03-16', '16:00', 'CC-04', 'CM003'),
('CC-04-0940', '2023-03-16', '18:00', 'CC-04', 'AC002'),
('CC-04-0941', '2023-03-16', '20:00', 'CC-04', 'DM005'),
('CC-04-0954', '2023-03-16', '16:00', 'CC-04', 'AC003'),
('CC-04-0955', '2023-03-16', '18:00', 'CC-04', 'TR002'),
('CC-04-0956', '2023-03-16', '20:00', 'CC-04', 'AC004'),
('CC-04-0999', '2023-03-17', '16:00', 'CC-04', 'TR003'),
('CC-04-1000', '2023-03-17', '18:00', 'CC-04', 'DM001'),
('CC-04-1001', '2023-03-17', '20:00', 'CC-04', 'CF004'),
('CC-04-1014', '2023-03-17', '16:00', 'CC-04', 'CF003'),
('CC-04-1015', '2023-03-17', '18:00', 'CC-04', 'DM002'),
('CC-04-1016', '2023-03-17', '20:00', 'CC-04', 'CM005'),
('CC-04-1059', '2023-03-18', '16:00', 'CC-04', 'CM005'),
('CC-04-1060', '2023-03-18', '18:00', 'CC-04', 'CM003'),
('CC-04-1061', '2023-03-18', '20:00', 'CC-04', 'CF003'),
('CC-04-1074', '2023-03-18', '16:00', 'CC-04', 'DM003'),
('CC-04-1075', '2023-03-18', '18:00', 'CC-04', 'CM001'),
('CC-04-1076', '2023-03-18', '20:00', 'CC-04', 'CF001'),
('CC-04-1119', '2023-03-19', '16:00', 'CC-04', 'DM003'),
('CC-04-1120', '2023-03-19', '18:00', 'CC-04', 'TR004'),
('CC-04-1121', '2023-03-19', '20:00', 'CC-04', 'CM005'),
('CC-04-1134', '2023-03-19', '16:00', 'CC-04', 'CF001'),
('CC-04-1135', '2023-03-19', '18:00', 'CC-04', 'DM004'),
('CC-04-1136', '2023-03-19', '20:00', 'CC-04', 'TR002'),
('CC-04-1179', '2023-03-20', '16:00', 'CC-04', 'DM002'),
('CC-04-1180', '2023-03-20', '18:00', 'CC-04', 'AC003'),
('CC-04-1181', '2023-03-20', '20:00', 'CC-04', 'TR005'),
('CC-04-1194', '2023-03-20', '16:00', 'CC-04', 'AC004'),
('CC-04-1195', '2023-03-20', '18:00', 'CC-04', 'DM004'),
('CC-04-1196', '2023-03-20', '20:00', 'CC-04', 'CF001'),
('CC-04-1239', '2023-03-21', '16:00', 'CC-04', 'DM003'),
('CC-04-1240', '2023-03-21', '18:00', 'CC-04', 'CF001'),
('CC-04-1241', '2023-03-21', '20:00', 'CC-04', 'DM004'),
('CC-04-1254', '2023-03-21', '16:00', 'CC-04', 'CM004'),
('CC-04-1255', '2023-03-21', '18:00', 'CC-04', 'AC001'),
('CC-04-1256', '2023-03-21', '20:00', 'CC-04', 'CM001'),
('CC-04-1299', '2023-03-22', '16:00', 'CC-04', 'TR002'),
('CC-04-1300', '2023-03-22', '18:00', 'CC-04', 'AC003'),
('CC-04-1301', '2023-03-22', '20:00', 'CC-04', 'DM005'),
('CC-04-1314', '2023-03-22', '16:00', 'CC-04', 'DM003'),
('CC-04-1315', '2023-03-22', '18:00', 'CC-04', 'AC005'),
('CC-04-1316', '2023-03-22', '20:00', 'CC-04', 'DM005'),
('CC-04-1359', '2023-03-23', '16:00', 'CC-04', 'TR001'),
('CC-04-1360', '2023-03-23', '18:00', 'CC-04', 'TR002'),
('CC-04-1361', '2023-03-23', '20:00', 'CC-04', 'CF003'),
('CC-04-1374', '2023-03-23', '16:00', 'CC-04', 'TR003'),
('CC-04-1375', '2023-03-23', '18:00', 'CC-04', 'CF001'),
('CC-04-1376', '2023-03-23', '20:00', 'CC-04', 'CM001'),
('CC-04-1419', '2023-03-24', '16:00', 'CC-04', 'TR004'),
('CC-04-1420', '2023-03-24', '18:00', 'CC-04', 'CF001'),
('CC-04-1421', '2023-03-24', '20:00', 'CC-04', 'DM005'),
('CC-04-1434', '2023-03-24', '16:00', 'CC-04', 'TR002'),
('CC-04-1435', '2023-03-24', '18:00', 'CC-04', 'TR001'),
('CC-04-1436', '2023-03-24', '20:00', 'CC-04', 'DM002'),
('CC-04-1479', '2023-03-25', '16:00', 'CC-04', 'TR004'),
('CC-04-1480', '2023-03-25', '18:00', 'CC-04', 'DM003'),
('CC-04-1481', '2023-03-25', '20:00', 'CC-04', 'DM001'),
('CC-04-1494', '2023-03-25', '16:00', 'CC-04', 'DM004'),
('CC-04-1495', '2023-03-25', '18:00', 'CC-04', 'CM003'),
('CC-04-1496', '2023-03-25', '20:00', 'CC-04', 'TR002'),
('CC-04-1539', '2023-03-26', '16:00', 'CC-04', 'AC002'),
('CC-04-1540', '2023-03-26', '18:00', 'CC-04', 'CF001'),
('CC-04-1541', '2023-03-26', '20:00', 'CC-04', 'TR004'),
('CC-04-1554', '2023-03-26', '16:00', 'CC-04', 'CM003'),
('CC-04-1555', '2023-03-26', '18:00', 'CC-04', 'CM005'),
('CC-04-1556', '2023-03-26', '20:00', 'CC-04', 'CM003'),
('CC-04-1599', '2023-03-27', '16:00', 'CC-04', 'DM003'),
('CC-04-1600', '2023-03-27', '18:00', 'CC-04', 'AC005'),
('CC-04-1601', '2023-03-27', '20:00', 'CC-04', 'CF004'),
('CC-04-1614', '2023-03-27', '16:00', 'CC-04', 'CF003'),
('CC-04-1615', '2023-03-27', '18:00', 'CC-04', 'CM005'),
('CC-04-1616', '2023-03-27', '20:00', 'CC-04', 'DM001'),
('CC-04-1659', '2023-03-28', '16:00', 'CC-04', 'TR002'),
('CC-04-1660', '2023-03-28', '18:00', 'CC-04', 'AC003'),
('CC-04-1661', '2023-03-28', '20:00', 'CC-04', 'TR001'),
('CC-04-1674', '2023-03-28', '16:00', 'CC-04', 'CF001'),
('CC-04-1675', '2023-03-28', '18:00', 'CC-04', 'AC001'),
('CC-04-1676', '2023-03-28', '20:00', 'CC-04', 'CF002'),
('CC-04-1719', '2023-03-29', '16:00', 'CC-04', 'DM004'),
('CC-04-1720', '2023-03-29', '18:00', 'CC-04', 'CM001'),
('CC-04-1721', '2023-03-29', '20:00', 'CC-04', 'TR002'),
('CC-04-1734', '2023-03-29', '16:00', 'CC-04', 'DM004'),
('CC-04-1735', '2023-03-29', '18:00', 'CC-04', 'DM005'),
('CC-04-1736', '2023-03-29', '20:00', 'CC-04', 'CF004'),
('CC-04-1779', '2023-03-30', '16:00', 'CC-04', 'CF002'),
('CC-04-1780', '2023-03-30', '18:00', 'CC-04', 'TR002'),
('CC-04-1781', '2023-03-30', '20:00', 'CC-04', 'CM005'),
('CC-04-1794', '2023-03-30', '16:00', 'CC-04', 'AC001'),
('CC-04-1795', '2023-03-30', '18:00', 'CC-04', 'AC002'),
('CC-04-1796', '2023-03-30', '20:00', 'CC-04', 'DM003'),
('CC-04-1839', '2023-03-31', '16:00', 'CC-04', 'CF002'),
('CC-04-1840', '2023-03-31', '18:00', 'CC-04', 'AC004'),
('CC-04-1841', '2023-03-31', '20:00', 'CC-04', 'CF001'),
('CC-04-1854', '2023-03-31', '16:00', 'CC-04', 'AC004'),
('CC-04-1855', '2023-03-31', '18:00', 'CC-04', 'DM001'),
('CC-04-1856', '2023-03-31', '20:00', 'CC-04', 'CM001'),
('CC-05-0042', '2023-03-01', '16:00', 'CC-05', 'CF002'),
('CC-05-0043', '2023-03-01', '18:00', 'CC-05', 'AC002'),
('CC-05-0044', '2023-03-01', '20:00', 'CC-05', 'AC005'),
('CC-05-0057', '2023-03-01', '16:00', 'CC-05', 'DM003'),
('CC-05-0058', '2023-03-01', '18:00', 'CC-05', 'DM004'),
('CC-05-0059', '2023-03-01', '20:00', 'CC-05', 'DM001'),
('CC-05-0102', '2023-03-02', '16:00', 'CC-05', 'CM002'),
('CC-05-0103', '2023-03-02', '18:00', 'CC-05', 'DM002'),
('CC-05-0104', '2023-03-02', '20:00', 'CC-05', 'CM002'),
('CC-05-0117', '2023-03-02', '16:00', 'CC-05', 'CM004'),
('CC-05-0118', '2023-03-02', '18:00', 'CC-05', 'AC003'),
('CC-05-0119', '2023-03-02', '20:00', 'CC-05', 'DM005'),
('CC-05-0162', '2023-03-03', '16:00', 'CC-05', 'TR002'),
('CC-05-0163', '2023-03-03', '18:00', 'CC-05', 'TR001'),
('CC-05-0164', '2023-03-03', '20:00', 'CC-05', 'AC003'),
('CC-05-0177', '2023-03-03', '16:00', 'CC-05', 'CM005'),
('CC-05-0178', '2023-03-03', '18:00', 'CC-05', 'TR003'),
('CC-05-0179', '2023-03-03', '20:00', 'CC-05', 'AC003'),
('CC-05-0222', '2023-03-04', '16:00', 'CC-05', 'AC001'),
('CC-05-0223', '2023-03-04', '18:00', 'CC-05', 'TR002'),
('CC-05-0224', '2023-03-04', '20:00', 'CC-05', 'AC003'),
('CC-05-0237', '2023-03-04', '16:00', 'CC-05', 'CF001'),
('CC-05-0238', '2023-03-04', '18:00', 'CC-05', 'CM001'),
('CC-05-0239', '2023-03-04', '20:00', 'CC-05', 'AC001'),
('CC-05-0282', '2023-03-05', '16:00', 'CC-05', 'DM001'),
('CC-05-0283', '2023-03-05', '18:00', 'CC-05', 'CM002'),
('CC-05-0284', '2023-03-05', '20:00', 'CC-05', 'TR005'),
('CC-05-0297', '2023-03-05', '16:00', 'CC-05', 'AC001'),
('CC-05-0298', '2023-03-05', '18:00', 'CC-05', 'CM005'),
('CC-05-0299', '2023-03-05', '20:00', 'CC-05', 'DM003'),
('CC-05-0342', '2023-03-06', '16:00', 'CC-05', 'AC003'),
('CC-05-0343', '2023-03-06', '18:00', 'CC-05', 'AC003'),
('CC-05-0344', '2023-03-06', '20:00', 'CC-05', 'TR005'),
('CC-05-0357', '2023-03-06', '16:00', 'CC-05', 'CM003'),
('CC-05-0358', '2023-03-06', '18:00', 'CC-05', 'TR002'),
('CC-05-0359', '2023-03-06', '20:00', 'CC-05', 'DM003'),
('CC-05-0402', '2023-03-07', '16:00', 'CC-05', 'CM002'),
('CC-05-0403', '2023-03-07', '18:00', 'CC-05', 'AC003'),
('CC-05-0404', '2023-03-07', '20:00', 'CC-05', 'TR004'),
('CC-05-0417', '2023-03-07', '16:00', 'CC-05', 'CF003'),
('CC-05-0418', '2023-03-07', '18:00', 'CC-05', 'AC002'),
('CC-05-0419', '2023-03-07', '20:00', 'CC-05', 'CM004'),
('CC-05-0462', '2023-03-08', '16:00', 'CC-05', 'TR001'),
('CC-05-0463', '2023-03-08', '18:00', 'CC-05', 'CM001'),
('CC-05-0464', '2023-03-08', '20:00', 'CC-05', 'CF003'),
('CC-05-0477', '2023-03-08', '16:00', 'CC-05', 'CF001'),
('CC-05-0478', '2023-03-08', '18:00', 'CC-05', 'AC002'),
('CC-05-0479', '2023-03-08', '20:00', 'CC-05', 'TR002'),
('CC-05-0522', '2023-03-09', '16:00', 'CC-05', 'AC002'),
('CC-05-0523', '2023-03-09', '18:00', 'CC-05', 'CF002'),
('CC-05-0524', '2023-03-09', '20:00', 'CC-05', 'CM001'),
('CC-05-0537', '2023-03-09', '16:00', 'CC-05', 'AC003'),
('CC-05-0538', '2023-03-09', '18:00', 'CC-05', 'AC004'),
('CC-05-0539', '2023-03-09', '20:00', 'CC-05', 'CF005'),
('CC-05-0582', '2023-03-10', '16:00', 'CC-05', 'TR002'),
('CC-05-0583', '2023-03-10', '18:00', 'CC-05', 'CF003'),
('CC-05-0584', '2023-03-10', '20:00', 'CC-05', 'DM003'),
('CC-05-0597', '2023-03-10', '16:00', 'CC-05', 'DM004'),
('CC-05-0598', '2023-03-10', '18:00', 'CC-05', 'AC002'),
('CC-05-0599', '2023-03-10', '20:00', 'CC-05', 'AC004'),
('CC-05-0642', '2023-03-11', '16:00', 'CC-05', 'TR002'),
('CC-05-0643', '2023-03-11', '18:00', 'CC-05', 'CF005'),
('CC-05-0644', '2023-03-11', '20:00', 'CC-05', 'TR002'),
('CC-05-0657', '2023-03-11', '16:00', 'CC-05', 'TR002'),
('CC-05-0658', '2023-03-11', '18:00', 'CC-05', 'CF003'),
('CC-05-0659', '2023-03-11', '20:00', 'CC-05', 'CF001'),
('CC-05-0702', '2023-03-12', '16:00', 'CC-05', 'TR003'),
('CC-05-0703', '2023-03-12', '18:00', 'CC-05', 'AC004'),
('CC-05-0704', '2023-03-12', '20:00', 'CC-05', 'CM002'),
('CC-05-0717', '2023-03-12', '16:00', 'CC-05', 'CF003'),
('CC-05-0718', '2023-03-12', '18:00', 'CC-05', 'CF004'),
('CC-05-0719', '2023-03-12', '20:00', 'CC-05', 'CF004'),
('CC-05-0762', '2023-03-13', '16:00', 'CC-05', 'AC004'),
('CC-05-0763', '2023-03-13', '18:00', 'CC-05', 'AC005'),
('CC-05-0764', '2023-03-13', '20:00', 'CC-05', 'DM004'),
('CC-05-0777', '2023-03-13', '16:00', 'CC-05', 'DM004'),
('CC-05-0778', '2023-03-13', '18:00', 'CC-05', 'CF005'),
('CC-05-0779', '2023-03-13', '20:00', 'CC-05', 'TR001'),
('CC-05-0822', '2023-03-14', '16:00', 'CC-05', 'CF005'),
('CC-05-0823', '2023-03-14', '18:00', 'CC-05', 'DM002'),
('CC-05-0824', '2023-03-14', '20:00', 'CC-05', 'CF003'),
('CC-05-0837', '2023-03-14', '16:00', 'CC-05', 'DM002'),
('CC-05-0838', '2023-03-14', '18:00', 'CC-05', 'AC004'),
('CC-05-0839', '2023-03-14', '20:00', 'CC-05', 'CM004'),
('CC-05-0882', '2023-03-15', '16:00', 'CC-05', 'DM003'),
('CC-05-0883', '2023-03-15', '18:00', 'CC-05', 'CM003'),
('CC-05-0884', '2023-03-15', '20:00', 'CC-05', 'TR005'),
('CC-05-0897', '2023-03-15', '16:00', 'CC-05', 'DM003'),
('CC-05-0898', '2023-03-15', '18:00', 'CC-05', 'CF004'),
('CC-05-0899', '2023-03-15', '20:00', 'CC-05', 'CM004'),
('CC-05-0942', '2023-03-16', '16:00', 'CC-05', 'TR005'),
('CC-05-0943', '2023-03-16', '18:00', 'CC-05', 'TR002'),
('CC-05-0944', '2023-03-16', '20:00', 'CC-05', 'AC005'),
('CC-05-0957', '2023-03-16', '16:00', 'CC-05', 'CF003'),
('CC-05-0958', '2023-03-16', '18:00', 'CC-05', 'TR001'),
('CC-05-0959', '2023-03-16', '20:00', 'CC-05', 'AC001'),
('CC-05-1002', '2023-03-17', '16:00', 'CC-05', 'CM002'),
('CC-05-1003', '2023-03-17', '18:00', 'CC-05', 'TR002'),
('CC-05-1004', '2023-03-17', '20:00', 'CC-05', 'DM004'),
('CC-05-1017', '2023-03-17', '16:00', 'CC-05', 'DM001'),
('CC-05-1018', '2023-03-17', '18:00', 'CC-05', 'DM001'),
('CC-05-1019', '2023-03-17', '20:00', 'CC-05', 'DM001'),
('CC-05-1062', '2023-03-18', '16:00', 'CC-05', 'AC004'),
('CC-05-1063', '2023-03-18', '18:00', 'CC-05', 'TR004'),
('CC-05-1064', '2023-03-18', '20:00', 'CC-05', 'CM003'),
('CC-05-1077', '2023-03-18', '16:00', 'CC-05', 'AC001'),
('CC-05-1078', '2023-03-18', '18:00', 'CC-05', 'AC001'),
('CC-05-1079', '2023-03-18', '20:00', 'CC-05', 'DM001'),
('CC-05-1122', '2023-03-19', '16:00', 'CC-05', 'CF005'),
('CC-05-1123', '2023-03-19', '18:00', 'CC-05', 'TR003'),
('CC-05-1124', '2023-03-19', '20:00', 'CC-05', 'AC002'),
('CC-05-1137', '2023-03-19', '16:00', 'CC-05', 'DM005'),
('CC-05-1138', '2023-03-19', '18:00', 'CC-05', 'CF001'),
('CC-05-1139', '2023-03-19', '20:00', 'CC-05', 'DM004'),
('CC-05-1182', '2023-03-20', '16:00', 'CC-05', 'DM002'),
('CC-05-1183', '2023-03-20', '18:00', 'CC-05', 'DM001'),
('CC-05-1184', '2023-03-20', '20:00', 'CC-05', 'CM001'),
('CC-05-1197', '2023-03-20', '16:00', 'CC-05', 'DM004'),
('CC-05-1198', '2023-03-20', '18:00', 'CC-05', 'CF004'),
('CC-05-1199', '2023-03-20', '20:00', 'CC-05', 'DM005'),
('CC-05-1242', '2023-03-21', '16:00', 'CC-05', 'CF004'),
('CC-05-1243', '2023-03-21', '18:00', 'CC-05', 'CF003'),
('CC-05-1244', '2023-03-21', '20:00', 'CC-05', 'CM004'),
('CC-05-1257', '2023-03-21', '16:00', 'CC-05', 'CF004'),
('CC-05-1258', '2023-03-21', '18:00', 'CC-05', 'DM002'),
('CC-05-1259', '2023-03-21', '20:00', 'CC-05', 'TR003'),
('CC-05-1302', '2023-03-22', '16:00', 'CC-05', 'CF001'),
('CC-05-1303', '2023-03-22', '18:00', 'CC-05', 'TR001'),
('CC-05-1304', '2023-03-22', '20:00', 'CC-05', 'CM001'),
('CC-05-1317', '2023-03-22', '16:00', 'CC-05', 'CF005'),
('CC-05-1318', '2023-03-22', '18:00', 'CC-05', 'CM004'),
('CC-05-1319', '2023-03-22', '20:00', 'CC-05', 'AC005'),
('CC-05-1362', '2023-03-23', '16:00', 'CC-05', 'TR003'),
('CC-05-1363', '2023-03-23', '18:00', 'CC-05', 'CF005'),
('CC-05-1364', '2023-03-23', '20:00', 'CC-05', 'TR001'),
('CC-05-1377', '2023-03-23', '16:00', 'CC-05', 'AC005'),
('CC-05-1378', '2023-03-23', '18:00', 'CC-05', 'DM003'),
('CC-05-1379', '2023-03-23', '20:00', 'CC-05', 'DM003'),
('CC-05-1422', '2023-03-24', '16:00', 'CC-05', 'CF004'),
('CC-05-1423', '2023-03-24', '18:00', 'CC-05', 'TR001'),
('CC-05-1424', '2023-03-24', '20:00', 'CC-05', 'AC003'),
('CC-05-1437', '2023-03-24', '16:00', 'CC-05', 'CF002'),
('CC-05-1438', '2023-03-24', '18:00', 'CC-05', 'TR002'),
('CC-05-1439', '2023-03-24', '20:00', 'CC-05', 'DM004'),
('CC-05-1482', '2023-03-25', '16:00', 'CC-05', 'DM005'),
('CC-05-1483', '2023-03-25', '18:00', 'CC-05', 'TR001'),
('CC-05-1484', '2023-03-25', '20:00', 'CC-05', 'CF002'),
('CC-05-1497', '2023-03-25', '16:00', 'CC-05', 'AC004'),
('CC-05-1498', '2023-03-25', '18:00', 'CC-05', 'DM001'),
('CC-05-1499', '2023-03-25', '20:00', 'CC-05', 'DM001'),
('CC-05-1542', '2023-03-26', '16:00', 'CC-05', 'DM004'),
('CC-05-1543', '2023-03-26', '18:00', 'CC-05', 'AC002'),
('CC-05-1544', '2023-03-26', '20:00', 'CC-05', 'CM004'),
('CC-05-1557', '2023-03-26', '16:00', 'CC-05', 'AC004'),
('CC-05-1558', '2023-03-26', '18:00', 'CC-05', 'AC005'),
('CC-05-1559', '2023-03-26', '20:00', 'CC-05', 'AC003'),
('CC-05-1602', '2023-03-27', '16:00', 'CC-05', 'CM001'),
('CC-05-1603', '2023-03-27', '18:00', 'CC-05', 'AC004'),
('CC-05-1604', '2023-03-27', '20:00', 'CC-05', 'TR002'),
('CC-05-1617', '2023-03-27', '16:00', 'CC-05', 'CM003'),
('CC-05-1618', '2023-03-27', '18:00', 'CC-05', 'CF001'),
('CC-05-1619', '2023-03-27', '20:00', 'CC-05', 'AC005'),
('CC-05-1662', '2023-03-28', '16:00', 'CC-05', 'TR005');
INSERT INTO `sesiones` (`cod_sesion`, `fecha`, `hora`, `cod_sala`, `cod_pelicula`) VALUES
('CC-05-1663', '2023-03-28', '18:00', 'CC-05', 'TR001'),
('CC-05-1664', '2023-03-28', '20:00', 'CC-05', 'DM001'),
('CC-05-1677', '2023-03-28', '16:00', 'CC-05', 'DM003'),
('CC-05-1678', '2023-03-28', '18:00', 'CC-05', 'TR001'),
('CC-05-1679', '2023-03-28', '20:00', 'CC-05', 'DM003'),
('CC-05-1722', '2023-03-29', '16:00', 'CC-05', 'CM002'),
('CC-05-1723', '2023-03-29', '18:00', 'CC-05', 'AC001'),
('CC-05-1724', '2023-03-29', '20:00', 'CC-05', 'CF002'),
('CC-05-1737', '2023-03-29', '16:00', 'CC-05', 'AC004'),
('CC-05-1738', '2023-03-29', '18:00', 'CC-05', 'TR001'),
('CC-05-1739', '2023-03-29', '20:00', 'CC-05', 'TR001'),
('CC-05-1782', '2023-03-30', '16:00', 'CC-05', 'DM003'),
('CC-05-1783', '2023-03-30', '18:00', 'CC-05', 'TR001'),
('CC-05-1784', '2023-03-30', '20:00', 'CC-05', 'CF001'),
('CC-05-1797', '2023-03-30', '16:00', 'CC-05', 'CM003'),
('CC-05-1798', '2023-03-30', '18:00', 'CC-05', 'CF005'),
('CC-05-1799', '2023-03-30', '20:00', 'CC-05', 'TR002'),
('CC-05-1842', '2023-03-31', '16:00', 'CC-05', 'DM004'),
('CC-05-1843', '2023-03-31', '18:00', 'CC-05', 'AC002'),
('CC-05-1844', '2023-03-31', '20:00', 'CC-05', 'AC002'),
('CC-05-1857', '2023-03-31', '16:00', 'CC-05', 'TR003'),
('CC-05-1858', '2023-03-31', '18:00', 'CC-05', 'CF004'),
('CC-05-1859', '2023-03-31', '20:00', 'CC-05', 'CF004'),
('CE-01-0000', '2023-03-01', '16:00', 'CE-01', 'TR002'),
('CE-01-0001', '2023-03-01', '18:00', 'CE-01', 'TR005'),
('CE-01-0002', '2023-03-01', '20:00', 'CE-01', 'CM004'),
('CE-01-0060', '2023-03-02', '16:00', 'CE-01', 'CM001'),
('CE-01-0061', '2023-03-02', '18:00', 'CE-01', 'TR001'),
('CE-01-0062', '2023-03-02', '20:00', 'CE-01', 'CF004'),
('CE-01-0120', '2023-03-03', '16:00', 'CE-01', 'TR002'),
('CE-01-0121', '2023-03-03', '18:00', 'CE-01', 'TR004'),
('CE-01-0122', '2023-03-03', '20:00', 'CE-01', 'TR002'),
('CE-01-0180', '2023-03-04', '16:00', 'CE-01', 'CM003'),
('CE-01-0181', '2023-03-04', '18:00', 'CE-01', 'AC004'),
('CE-01-0182', '2023-03-04', '20:00', 'CE-01', 'TR002'),
('CE-01-0240', '2023-03-05', '16:00', 'CE-01', 'CF003'),
('CE-01-0241', '2023-03-05', '18:00', 'CE-01', 'CM004'),
('CE-01-0242', '2023-03-05', '20:00', 'CE-01', 'AC005'),
('CE-01-0300', '2023-03-06', '16:00', 'CE-01', 'DM003'),
('CE-01-0301', '2023-03-06', '18:00', 'CE-01', 'TR004'),
('CE-01-0302', '2023-03-06', '20:00', 'CE-01', 'TR004'),
('CE-01-0360', '2023-03-07', '16:00', 'CE-01', 'TR004'),
('CE-01-0361', '2023-03-07', '18:00', 'CE-01', 'DM005'),
('CE-01-0362', '2023-03-07', '20:00', 'CE-01', 'DM002'),
('CE-01-0420', '2023-03-08', '16:00', 'CE-01', 'DM002'),
('CE-01-0421', '2023-03-08', '18:00', 'CE-01', 'TR001'),
('CE-01-0422', '2023-03-08', '20:00', 'CE-01', 'DM003'),
('CE-01-0480', '2023-03-09', '16:00', 'CE-01', 'CM004'),
('CE-01-0481', '2023-03-09', '18:00', 'CE-01', 'CF003'),
('CE-01-0482', '2023-03-09', '20:00', 'CE-01', 'CM005'),
('CE-01-0540', '2023-03-10', '16:00', 'CE-01', 'AC005'),
('CE-01-0541', '2023-03-10', '18:00', 'CE-01', 'CF003'),
('CE-01-0542', '2023-03-10', '20:00', 'CE-01', 'CF003'),
('CE-01-0600', '2023-03-11', '16:00', 'CE-01', 'CM003'),
('CE-01-0601', '2023-03-11', '18:00', 'CE-01', 'CM005'),
('CE-01-0602', '2023-03-11', '20:00', 'CE-01', 'TR002'),
('CE-01-0660', '2023-03-12', '16:00', 'CE-01', 'CM004'),
('CE-01-0661', '2023-03-12', '18:00', 'CE-01', 'TR002'),
('CE-01-0662', '2023-03-12', '20:00', 'CE-01', 'TR004'),
('CE-01-0720', '2023-03-13', '16:00', 'CE-01', 'DM004'),
('CE-01-0721', '2023-03-13', '18:00', 'CE-01', 'DM005'),
('CE-01-0722', '2023-03-13', '20:00', 'CE-01', 'AC002'),
('CE-01-0780', '2023-03-14', '16:00', 'CE-01', 'DM001'),
('CE-01-0781', '2023-03-14', '18:00', 'CE-01', 'CF003'),
('CE-01-0782', '2023-03-14', '20:00', 'CE-01', 'CF002'),
('CE-01-0840', '2023-03-15', '16:00', 'CE-01', 'CF005'),
('CE-01-0841', '2023-03-15', '18:00', 'CE-01', 'TR003'),
('CE-01-0842', '2023-03-15', '20:00', 'CE-01', 'CM001'),
('CE-01-0900', '2023-03-16', '16:00', 'CE-01', 'CM001'),
('CE-01-0901', '2023-03-16', '18:00', 'CE-01', 'DM003'),
('CE-01-0902', '2023-03-16', '20:00', 'CE-01', 'CM003'),
('CE-01-0960', '2023-03-17', '16:00', 'CE-01', 'CM002'),
('CE-01-0961', '2023-03-17', '18:00', 'CE-01', 'CM005'),
('CE-01-0962', '2023-03-17', '20:00', 'CE-01', 'AC004'),
('CE-01-1020', '2023-03-18', '16:00', 'CE-01', 'CF001'),
('CE-01-1021', '2023-03-18', '18:00', 'CE-01', 'AC001'),
('CE-01-1022', '2023-03-18', '20:00', 'CE-01', 'CM005'),
('CE-01-1080', '2023-03-19', '16:00', 'CE-01', 'CM004'),
('CE-01-1081', '2023-03-19', '18:00', 'CE-01', 'DM001'),
('CE-01-1082', '2023-03-19', '20:00', 'CE-01', 'AC004'),
('CE-01-1140', '2023-03-20', '16:00', 'CE-01', 'CM002'),
('CE-01-1141', '2023-03-20', '18:00', 'CE-01', 'DM001'),
('CE-01-1142', '2023-03-20', '20:00', 'CE-01', 'CF001'),
('CE-01-1200', '2023-03-21', '16:00', 'CE-01', 'CM002'),
('CE-01-1201', '2023-03-21', '18:00', 'CE-01', 'TR005'),
('CE-01-1202', '2023-03-21', '20:00', 'CE-01', 'DM003'),
('CE-01-1260', '2023-03-22', '16:00', 'CE-01', 'TR001'),
('CE-01-1261', '2023-03-22', '18:00', 'CE-01', 'DM001'),
('CE-01-1262', '2023-03-22', '20:00', 'CE-01', 'CF004'),
('CE-01-1320', '2023-03-23', '16:00', 'CE-01', 'CF003'),
('CE-01-1321', '2023-03-23', '18:00', 'CE-01', 'TR005'),
('CE-01-1322', '2023-03-23', '20:00', 'CE-01', 'CM004'),
('CE-01-1380', '2023-03-24', '16:00', 'CE-01', 'CM003'),
('CE-01-1381', '2023-03-24', '18:00', 'CE-01', 'AC004'),
('CE-01-1382', '2023-03-24', '20:00', 'CE-01', 'AC003'),
('CE-01-1440', '2023-03-25', '16:00', 'CE-01', 'AC005'),
('CE-01-1441', '2023-03-25', '18:00', 'CE-01', 'CM004'),
('CE-01-1442', '2023-03-25', '20:00', 'CE-01', 'TR001'),
('CE-01-1500', '2023-03-26', '16:00', 'CE-01', 'DM001'),
('CE-01-1501', '2023-03-26', '18:00', 'CE-01', 'TR005'),
('CE-01-1502', '2023-03-26', '20:00', 'CE-01', 'CM002'),
('CE-01-1560', '2023-03-27', '16:00', 'CE-01', 'TR001'),
('CE-01-1561', '2023-03-27', '18:00', 'CE-01', 'CF002'),
('CE-01-1562', '2023-03-27', '20:00', 'CE-01', 'TR002'),
('CE-01-1620', '2023-03-28', '16:00', 'CE-01', 'CM001'),
('CE-01-1621', '2023-03-28', '18:00', 'CE-01', 'TR005'),
('CE-01-1622', '2023-03-28', '20:00', 'CE-01', 'DM002'),
('CE-01-1680', '2023-03-29', '16:00', 'CE-01', 'CM005'),
('CE-01-1681', '2023-03-29', '18:00', 'CE-01', 'CF004'),
('CE-01-1682', '2023-03-29', '20:00', 'CE-01', 'TR005'),
('CE-01-1740', '2023-03-30', '16:00', 'CE-01', 'AC001'),
('CE-01-1741', '2023-03-30', '18:00', 'CE-01', 'AC004'),
('CE-01-1742', '2023-03-30', '20:00', 'CE-01', 'TR004'),
('CE-01-1800', '2023-03-31', '16:00', 'CE-01', 'DM005'),
('CE-01-1801', '2023-03-31', '18:00', 'CE-01', 'DM002'),
('CE-01-1802', '2023-03-31', '20:00', 'CE-01', 'TR001'),
('CE-02-0003', '2023-03-01', '16:00', 'CE-02', 'DM002'),
('CE-02-0004', '2023-03-01', '18:00', 'CE-02', 'DM002'),
('CE-02-0005', '2023-03-01', '20:00', 'CE-02', 'TR002'),
('CE-02-0063', '2023-03-02', '16:00', 'CE-02', 'CM005'),
('CE-02-0064', '2023-03-02', '18:00', 'CE-02', 'CM003'),
('CE-02-0065', '2023-03-02', '20:00', 'CE-02', 'TR001'),
('CE-02-0123', '2023-03-03', '16:00', 'CE-02', 'CF002'),
('CE-02-0124', '2023-03-03', '18:00', 'CE-02', 'AC002'),
('CE-02-0125', '2023-03-03', '20:00', 'CE-02', 'CF002'),
('CE-02-0183', '2023-03-04', '16:00', 'CE-02', 'CM003'),
('CE-02-0184', '2023-03-04', '18:00', 'CE-02', 'TR004'),
('CE-02-0185', '2023-03-04', '20:00', 'CE-02', 'DM002'),
('CE-02-0243', '2023-03-05', '16:00', 'CE-02', 'TR003'),
('CE-02-0244', '2023-03-05', '18:00', 'CE-02', 'CM002'),
('CE-02-0245', '2023-03-05', '20:00', 'CE-02', 'CF003'),
('CE-02-0303', '2023-03-06', '16:00', 'CE-02', 'DM003'),
('CE-02-0304', '2023-03-06', '18:00', 'CE-02', 'CM004'),
('CE-02-0305', '2023-03-06', '20:00', 'CE-02', 'CF004'),
('CE-02-0363', '2023-03-07', '16:00', 'CE-02', 'CF005'),
('CE-02-0364', '2023-03-07', '18:00', 'CE-02', 'DM001'),
('CE-02-0365', '2023-03-07', '20:00', 'CE-02', 'AC004'),
('CE-02-0423', '2023-03-08', '16:00', 'CE-02', 'AC005'),
('CE-02-0424', '2023-03-08', '18:00', 'CE-02', 'CF004'),
('CE-02-0425', '2023-03-08', '20:00', 'CE-02', 'CM003'),
('CE-02-0483', '2023-03-09', '16:00', 'CE-02', 'CM003'),
('CE-02-0484', '2023-03-09', '18:00', 'CE-02', 'DM002'),
('CE-02-0485', '2023-03-09', '20:00', 'CE-02', 'DM001'),
('CE-02-0543', '2023-03-10', '16:00', 'CE-02', 'TR002'),
('CE-02-0544', '2023-03-10', '18:00', 'CE-02', 'AC003'),
('CE-02-0545', '2023-03-10', '20:00', 'CE-02', 'CF004'),
('CE-02-0603', '2023-03-11', '16:00', 'CE-02', 'CM001'),
('CE-02-0604', '2023-03-11', '18:00', 'CE-02', 'DM004'),
('CE-02-0605', '2023-03-11', '20:00', 'CE-02', 'CF001'),
('CE-02-0663', '2023-03-12', '16:00', 'CE-02', 'TR001'),
('CE-02-0664', '2023-03-12', '18:00', 'CE-02', 'DM003'),
('CE-02-0665', '2023-03-12', '20:00', 'CE-02', 'CM002'),
('CE-02-0723', '2023-03-13', '16:00', 'CE-02', 'CM002'),
('CE-02-0724', '2023-03-13', '18:00', 'CE-02', 'CF002'),
('CE-02-0725', '2023-03-13', '20:00', 'CE-02', 'TR001'),
('CE-02-0783', '2023-03-14', '16:00', 'CE-02', 'TR002'),
('CE-02-0784', '2023-03-14', '18:00', 'CE-02', 'TR001'),
('CE-02-0785', '2023-03-14', '20:00', 'CE-02', 'AC005'),
('CE-02-0843', '2023-03-15', '16:00', 'CE-02', 'TR005'),
('CE-02-0844', '2023-03-15', '18:00', 'CE-02', 'TR004'),
('CE-02-0845', '2023-03-15', '20:00', 'CE-02', 'CF004'),
('CE-02-0903', '2023-03-16', '16:00', 'CE-02', 'CF004'),
('CE-02-0904', '2023-03-16', '18:00', 'CE-02', 'AC005'),
('CE-02-0905', '2023-03-16', '20:00', 'CE-02', 'DM001'),
('CE-02-0963', '2023-03-17', '16:00', 'CE-02', 'AC002'),
('CE-02-0964', '2023-03-17', '18:00', 'CE-02', 'TR003'),
('CE-02-0965', '2023-03-17', '20:00', 'CE-02', 'CF004'),
('CE-02-1023', '2023-03-18', '16:00', 'CE-02', 'DM005'),
('CE-02-1024', '2023-03-18', '18:00', 'CE-02', 'CF005'),
('CE-02-1025', '2023-03-18', '20:00', 'CE-02', 'TR005'),
('CE-02-1083', '2023-03-19', '16:00', 'CE-02', 'AC005'),
('CE-02-1084', '2023-03-19', '18:00', 'CE-02', 'CF005'),
('CE-02-1085', '2023-03-19', '20:00', 'CE-02', 'DM003'),
('CE-02-1143', '2023-03-20', '16:00', 'CE-02', 'CM003'),
('CE-02-1144', '2023-03-20', '18:00', 'CE-02', 'DM005'),
('CE-02-1145', '2023-03-20', '20:00', 'CE-02', 'CF004'),
('CE-02-1203', '2023-03-21', '16:00', 'CE-02', 'CF003'),
('CE-02-1204', '2023-03-21', '18:00', 'CE-02', 'CM005'),
('CE-02-1205', '2023-03-21', '20:00', 'CE-02', 'CF002'),
('CE-02-1263', '2023-03-22', '16:00', 'CE-02', 'CM001'),
('CE-02-1264', '2023-03-22', '18:00', 'CE-02', 'TR002'),
('CE-02-1265', '2023-03-22', '20:00', 'CE-02', 'DM002'),
('CE-02-1323', '2023-03-23', '16:00', 'CE-02', 'DM001'),
('CE-02-1324', '2023-03-23', '18:00', 'CE-02', 'AC001'),
('CE-02-1325', '2023-03-23', '20:00', 'CE-02', 'CF002'),
('CE-02-1383', '2023-03-24', '16:00', 'CE-02', 'CM004'),
('CE-02-1384', '2023-03-24', '18:00', 'CE-02', 'AC004'),
('CE-02-1385', '2023-03-24', '20:00', 'CE-02', 'CM004'),
('CE-02-1443', '2023-03-25', '16:00', 'CE-02', 'AC004'),
('CE-02-1444', '2023-03-25', '18:00', 'CE-02', 'CF005'),
('CE-02-1445', '2023-03-25', '20:00', 'CE-02', 'CM001'),
('CE-02-1503', '2023-03-26', '16:00', 'CE-02', 'AC004'),
('CE-02-1504', '2023-03-26', '18:00', 'CE-02', 'AC001'),
('CE-02-1505', '2023-03-26', '20:00', 'CE-02', 'TR001'),
('CE-02-1563', '2023-03-27', '16:00', 'CE-02', 'AC005'),
('CE-02-1564', '2023-03-27', '18:00', 'CE-02', 'CM002'),
('CE-02-1565', '2023-03-27', '20:00', 'CE-02', 'TR005'),
('CE-02-1623', '2023-03-28', '16:00', 'CE-02', 'CM005'),
('CE-02-1624', '2023-03-28', '18:00', 'CE-02', 'DM001'),
('CE-02-1625', '2023-03-28', '20:00', 'CE-02', 'TR002'),
('CE-02-1683', '2023-03-29', '16:00', 'CE-02', 'CM005'),
('CE-02-1684', '2023-03-29', '18:00', 'CE-02', 'TR001'),
('CE-02-1685', '2023-03-29', '20:00', 'CE-02', 'CF001'),
('CE-02-1743', '2023-03-30', '16:00', 'CE-02', 'CM002'),
('CE-02-1744', '2023-03-30', '18:00', 'CE-02', 'AC002'),
('CE-02-1745', '2023-03-30', '20:00', 'CE-02', 'CF001'),
('CE-02-1803', '2023-03-31', '16:00', 'CE-02', 'TR004'),
('CE-02-1804', '2023-03-31', '18:00', 'CE-02', 'CM005'),
('CE-02-1805', '2023-03-31', '20:00', 'CE-02', 'CM005'),
('CE-03-0006', '2023-03-01', '16:00', 'CE-03', 'DM001'),
('CE-03-0007', '2023-03-01', '18:00', 'CE-03', 'DM005'),
('CE-03-0008', '2023-03-01', '20:00', 'CE-03', 'CM004'),
('CE-03-0066', '2023-03-02', '16:00', 'CE-03', 'CM003'),
('CE-03-0067', '2023-03-02', '18:00', 'CE-03', 'DM002'),
('CE-03-0068', '2023-03-02', '20:00', 'CE-03', 'TR003'),
('CE-03-0126', '2023-03-03', '16:00', 'CE-03', 'CF005'),
('CE-03-0127', '2023-03-03', '18:00', 'CE-03', 'CM005'),
('CE-03-0128', '2023-03-03', '20:00', 'CE-03', 'CM002'),
('CE-03-0186', '2023-03-04', '16:00', 'CE-03', 'CM005'),
('CE-03-0187', '2023-03-04', '18:00', 'CE-03', 'CM004'),
('CE-03-0188', '2023-03-04', '20:00', 'CE-03', 'DM001'),
('CE-03-0246', '2023-03-05', '16:00', 'CE-03', 'AC005'),
('CE-03-0247', '2023-03-05', '18:00', 'CE-03', 'TR004'),
('CE-03-0248', '2023-03-05', '20:00', 'CE-03', 'CF001'),
('CE-03-0306', '2023-03-06', '16:00', 'CE-03', 'DM002'),
('CE-03-0307', '2023-03-06', '18:00', 'CE-03', 'DM001'),
('CE-03-0308', '2023-03-06', '20:00', 'CE-03', 'CM001'),
('CE-03-0366', '2023-03-07', '16:00', 'CE-03', 'CM002'),
('CE-03-0367', '2023-03-07', '18:00', 'CE-03', 'CF002'),
('CE-03-0368', '2023-03-07', '20:00', 'CE-03', 'AC002'),
('CE-03-0426', '2023-03-08', '16:00', 'CE-03', 'CM003'),
('CE-03-0427', '2023-03-08', '18:00', 'CE-03', 'CM004'),
('CE-03-0428', '2023-03-08', '20:00', 'CE-03', 'DM001'),
('CE-03-0486', '2023-03-09', '16:00', 'CE-03', 'TR004'),
('CE-03-0487', '2023-03-09', '18:00', 'CE-03', 'AC001'),
('CE-03-0488', '2023-03-09', '20:00', 'CE-03', 'CM004'),
('CE-03-0546', '2023-03-10', '16:00', 'CE-03', 'DM005'),
('CE-03-0547', '2023-03-10', '18:00', 'CE-03', 'CF001'),
('CE-03-0548', '2023-03-10', '20:00', 'CE-03', 'CF001'),
('CE-03-0606', '2023-03-11', '16:00', 'CE-03', 'AC002'),
('CE-03-0607', '2023-03-11', '18:00', 'CE-03', 'CM002'),
('CE-03-0608', '2023-03-11', '20:00', 'CE-03', 'AC004'),
('CE-03-0666', '2023-03-12', '16:00', 'CE-03', 'CF005'),
('CE-03-0667', '2023-03-12', '18:00', 'CE-03', 'CF005'),
('CE-03-0668', '2023-03-12', '20:00', 'CE-03', 'CM002'),
('CE-03-0726', '2023-03-13', '16:00', 'CE-03', 'CM004'),
('CE-03-0727', '2023-03-13', '18:00', 'CE-03', 'TR005'),
('CE-03-0728', '2023-03-13', '20:00', 'CE-03', 'CM004'),
('CE-03-0786', '2023-03-14', '16:00', 'CE-03', 'DM004'),
('CE-03-0787', '2023-03-14', '18:00', 'CE-03', 'CF004'),
('CE-03-0788', '2023-03-14', '20:00', 'CE-03', 'AC003'),
('CE-03-0846', '2023-03-15', '16:00', 'CE-03', 'CF003'),
('CE-03-0847', '2023-03-15', '18:00', 'CE-03', 'TR003'),
('CE-03-0848', '2023-03-15', '20:00', 'CE-03', 'DM002'),
('CE-03-0906', '2023-03-16', '16:00', 'CE-03', 'DM004'),
('CE-03-0907', '2023-03-16', '18:00', 'CE-03', 'CM002'),
('CE-03-0908', '2023-03-16', '20:00', 'CE-03', 'TR004'),
('CE-03-0966', '2023-03-17', '16:00', 'CE-03', 'TR003'),
('CE-03-0967', '2023-03-17', '18:00', 'CE-03', 'TR002'),
('CE-03-0968', '2023-03-17', '20:00', 'CE-03', 'AC005'),
('CE-03-1026', '2023-03-18', '16:00', 'CE-03', 'CM004'),
('CE-03-1027', '2023-03-18', '18:00', 'CE-03', 'DM005'),
('CE-03-1028', '2023-03-18', '20:00', 'CE-03', 'CF002'),
('CE-03-1086', '2023-03-19', '16:00', 'CE-03', 'DM002'),
('CE-03-1087', '2023-03-19', '18:00', 'CE-03', 'CF003'),
('CE-03-1088', '2023-03-19', '20:00', 'CE-03', 'CM004'),
('CE-03-1146', '2023-03-20', '16:00', 'CE-03', 'DM005'),
('CE-03-1147', '2023-03-20', '18:00', 'CE-03', 'CF004'),
('CE-03-1148', '2023-03-20', '20:00', 'CE-03', 'DM004'),
('CE-03-1206', '2023-03-21', '16:00', 'CE-03', 'CM001'),
('CE-03-1207', '2023-03-21', '18:00', 'CE-03', 'DM005'),
('CE-03-1208', '2023-03-21', '20:00', 'CE-03', 'CF003'),
('CE-03-1266', '2023-03-22', '16:00', 'CE-03', 'DM002'),
('CE-03-1267', '2023-03-22', '18:00', 'CE-03', 'CM001'),
('CE-03-1268', '2023-03-22', '20:00', 'CE-03', 'CM003'),
('CE-03-1326', '2023-03-23', '16:00', 'CE-03', 'TR003'),
('CE-03-1327', '2023-03-23', '18:00', 'CE-03', 'TR003'),
('CE-03-1328', '2023-03-23', '20:00', 'CE-03', 'CM001'),
('CE-03-1386', '2023-03-24', '16:00', 'CE-03', 'DM002'),
('CE-03-1387', '2023-03-24', '18:00', 'CE-03', 'DM003'),
('CE-03-1388', '2023-03-24', '20:00', 'CE-03', 'DM003'),
('CE-03-1446', '2023-03-25', '16:00', 'CE-03', 'TR001'),
('CE-03-1447', '2023-03-25', '18:00', 'CE-03', 'CF005'),
('CE-03-1448', '2023-03-25', '20:00', 'CE-03', 'CM002'),
('CE-03-1506', '2023-03-26', '16:00', 'CE-03', 'CM003'),
('CE-03-1507', '2023-03-26', '18:00', 'CE-03', 'AC005'),
('CE-03-1508', '2023-03-26', '20:00', 'CE-03', 'CF005'),
('CE-03-1566', '2023-03-27', '16:00', 'CE-03', 'DM005'),
('CE-03-1567', '2023-03-27', '18:00', 'CE-03', 'CM004'),
('CE-03-1568', '2023-03-27', '20:00', 'CE-03', 'CM001'),
('CE-03-1626', '2023-03-28', '16:00', 'CE-03', 'CM001'),
('CE-03-1627', '2023-03-28', '18:00', 'CE-03', 'CF004'),
('CE-03-1628', '2023-03-28', '20:00', 'CE-03', 'CM002'),
('CE-03-1686', '2023-03-29', '16:00', 'CE-03', 'CM001'),
('CE-03-1687', '2023-03-29', '18:00', 'CE-03', 'CM005'),
('CE-03-1688', '2023-03-29', '20:00', 'CE-03', 'TR001'),
('CE-03-1746', '2023-03-30', '16:00', 'CE-03', 'CM001'),
('CE-03-1747', '2023-03-30', '18:00', 'CE-03', 'CM005'),
('CE-03-1748', '2023-03-30', '20:00', 'CE-03', 'CM002'),
('CE-03-1806', '2023-03-31', '16:00', 'CE-03', 'CM001'),
('CE-03-1807', '2023-03-31', '18:00', 'CE-03', 'CF002'),
('CE-03-1808', '2023-03-31', '20:00', 'CE-03', 'CM002'),
('CE-04-0009', '2023-03-01', '16:00', 'CE-04', 'DM003'),
('CE-04-0010', '2023-03-01', '18:00', 'CE-04', 'AC003'),
('CE-04-0011', '2023-03-01', '20:00', 'CE-04', 'AC005'),
('CE-04-0069', '2023-03-02', '16:00', 'CE-04', 'DM004'),
('CE-04-0070', '2023-03-02', '18:00', 'CE-04', 'CF005'),
('CE-04-0071', '2023-03-02', '20:00', 'CE-04', 'CM005'),
('CE-04-0129', '2023-03-03', '16:00', 'CE-04', 'TR005'),
('CE-04-0130', '2023-03-03', '18:00', 'CE-04', 'TR002'),
('CE-04-0131', '2023-03-03', '20:00', 'CE-04', 'TR002'),
('CE-04-0189', '2023-03-04', '16:00', 'CE-04', 'CF001'),
('CE-04-0190', '2023-03-04', '18:00', 'CE-04', 'CM001'),
('CE-04-0191', '2023-03-04', '20:00', 'CE-04', 'CF002'),
('CE-04-0249', '2023-03-05', '16:00', 'CE-04', 'DM002'),
('CE-04-0250', '2023-03-05', '18:00', 'CE-04', 'TR002'),
('CE-04-0251', '2023-03-05', '20:00', 'CE-04', 'AC001'),
('CE-04-0309', '2023-03-06', '16:00', 'CE-04', 'DM004'),
('CE-04-0310', '2023-03-06', '18:00', 'CE-04', 'CF002'),
('CE-04-0311', '2023-03-06', '20:00', 'CE-04', 'CF001'),
('CE-04-0369', '2023-03-07', '16:00', 'CE-04', 'AC001'),
('CE-04-0370', '2023-03-07', '18:00', 'CE-04', 'CF003'),
('CE-04-0371', '2023-03-07', '20:00', 'CE-04', 'AC003'),
('CE-04-0429', '2023-03-08', '16:00', 'CE-04', 'DM002'),
('CE-04-0430', '2023-03-08', '18:00', 'CE-04', 'CF002'),
('CE-04-0431', '2023-03-08', '20:00', 'CE-04', 'DM003'),
('CE-04-0489', '2023-03-09', '16:00', 'CE-04', 'TR001'),
('CE-04-0490', '2023-03-09', '18:00', 'CE-04', 'DM002'),
('CE-04-0491', '2023-03-09', '20:00', 'CE-04', 'AC002'),
('CE-04-0549', '2023-03-10', '16:00', 'CE-04', 'CM003'),
('CE-04-0550', '2023-03-10', '18:00', 'CE-04', 'CF004'),
('CE-04-0551', '2023-03-10', '20:00', 'CE-04', 'AC005'),
('CE-04-0609', '2023-03-11', '16:00', 'CE-04', 'CF002'),
('CE-04-0610', '2023-03-11', '18:00', 'CE-04', 'DM002'),
('CE-04-0611', '2023-03-11', '20:00', 'CE-04', 'CF004'),
('CE-04-0669', '2023-03-12', '16:00', 'CE-04', 'CM005'),
('CE-04-0670', '2023-03-12', '18:00', 'CE-04', 'CM002'),
('CE-04-0671', '2023-03-12', '20:00', 'CE-04', 'CM003'),
('CE-04-0729', '2023-03-13', '16:00', 'CE-04', 'CF002'),
('CE-04-0730', '2023-03-13', '18:00', 'CE-04', 'CF003'),
('CE-04-0731', '2023-03-13', '20:00', 'CE-04', 'CM005'),
('CE-04-0789', '2023-03-14', '16:00', 'CE-04', 'CM004'),
('CE-04-0790', '2023-03-14', '18:00', 'CE-04', 'DM001'),
('CE-04-0791', '2023-03-14', '20:00', 'CE-04', 'DM002'),
('CE-04-0849', '2023-03-15', '16:00', 'CE-04', 'CM001'),
('CE-04-0850', '2023-03-15', '18:00', 'CE-04', 'CM005'),
('CE-04-0851', '2023-03-15', '20:00', 'CE-04', 'AC003'),
('CE-04-0909', '2023-03-16', '16:00', 'CE-04', 'CF004'),
('CE-04-0910', '2023-03-16', '18:00', 'CE-04', 'DM004'),
('CE-04-0911', '2023-03-16', '20:00', 'CE-04', 'CM001'),
('CE-04-0969', '2023-03-17', '16:00', 'CE-04', 'AC002'),
('CE-04-0970', '2023-03-17', '18:00', 'CE-04', 'CF002'),
('CE-04-0971', '2023-03-17', '20:00', 'CE-04', 'DM004'),
('CE-04-1029', '2023-03-18', '16:00', 'CE-04', 'TR004'),
('CE-04-1030', '2023-03-18', '18:00', 'CE-04', 'CF004'),
('CE-04-1031', '2023-03-18', '20:00', 'CE-04', 'DM001'),
('CE-04-1089', '2023-03-19', '16:00', 'CE-04', 'DM001'),
('CE-04-1090', '2023-03-19', '18:00', 'CE-04', 'AC001'),
('CE-04-1091', '2023-03-19', '20:00', 'CE-04', 'AC004'),
('CE-04-1149', '2023-03-20', '16:00', 'CE-04', 'CM003'),
('CE-04-1150', '2023-03-20', '18:00', 'CE-04', 'CM002'),
('CE-04-1151', '2023-03-20', '20:00', 'CE-04', 'DM004'),
('CE-04-1209', '2023-03-21', '16:00', 'CE-04', 'CF001'),
('CE-04-1210', '2023-03-21', '18:00', 'CE-04', 'TR001'),
('CE-04-1211', '2023-03-21', '20:00', 'CE-04', 'CM002'),
('CE-04-1269', '2023-03-22', '16:00', 'CE-04', 'TR004'),
('CE-04-1270', '2023-03-22', '18:00', 'CE-04', 'DM004'),
('CE-04-1271', '2023-03-22', '20:00', 'CE-04', 'CM003'),
('CE-04-1329', '2023-03-23', '16:00', 'CE-04', 'AC002'),
('CE-04-1330', '2023-03-23', '18:00', 'CE-04', 'TR001'),
('CE-04-1331', '2023-03-23', '20:00', 'CE-04', 'CF003'),
('CE-04-1389', '2023-03-24', '16:00', 'CE-04', 'TR005'),
('CE-04-1390', '2023-03-24', '18:00', 'CE-04', 'CM004'),
('CE-04-1391', '2023-03-24', '20:00', 'CE-04', 'CM004'),
('CE-04-1449', '2023-03-25', '16:00', 'CE-04', 'TR004'),
('CE-04-1450', '2023-03-25', '18:00', 'CE-04', 'CF001'),
('CE-04-1451', '2023-03-25', '20:00', 'CE-04', 'CM005'),
('CE-04-1509', '2023-03-26', '16:00', 'CE-04', 'CF004'),
('CE-04-1510', '2023-03-26', '18:00', 'CE-04', 'DM003'),
('CE-04-1511', '2023-03-26', '20:00', 'CE-04', 'AC003'),
('CE-04-1569', '2023-03-27', '16:00', 'CE-04', 'AC002'),
('CE-04-1570', '2023-03-27', '18:00', 'CE-04', 'CF001'),
('CE-04-1571', '2023-03-27', '20:00', 'CE-04', 'TR005'),
('CE-04-1629', '2023-03-28', '16:00', 'CE-04', 'CF005'),
('CE-04-1630', '2023-03-28', '18:00', 'CE-04', 'DM005'),
('CE-04-1631', '2023-03-28', '20:00', 'CE-04', 'AC003'),
('CE-04-1689', '2023-03-29', '16:00', 'CE-04', 'CM003'),
('CE-04-1690', '2023-03-29', '18:00', 'CE-04', 'AC003'),
('CE-04-1691', '2023-03-29', '20:00', 'CE-04', 'TR002'),
('CE-04-1749', '2023-03-30', '16:00', 'CE-04', 'DM003'),
('CE-04-1750', '2023-03-30', '18:00', 'CE-04', 'DM002'),
('CE-04-1751', '2023-03-30', '20:00', 'CE-04', 'CF001'),
('CE-04-1809', '2023-03-31', '16:00', 'CE-04', 'TR005'),
('CE-04-1810', '2023-03-31', '18:00', 'CE-04', 'AC004'),
('CE-04-1811', '2023-03-31', '20:00', 'CE-04', 'CF004'),
('CE-05-0012', '2023-03-01', '16:00', 'CE-05', 'CM002'),
('CE-05-0013', '2023-03-01', '18:00', 'CE-05', 'CM001'),
('CE-05-0014', '2023-03-01', '20:00', 'CE-05', 'AC003'),
('CE-05-0072', '2023-03-02', '16:00', 'CE-05', 'CM003'),
('CE-05-0073', '2023-03-02', '18:00', 'CE-05', 'AC002'),
('CE-05-0074', '2023-03-02', '20:00', 'CE-05', 'CM003'),
('CE-05-0132', '2023-03-03', '16:00', 'CE-05', 'AC002'),
('CE-05-0133', '2023-03-03', '18:00', 'CE-05', 'TR003'),
('CE-05-0134', '2023-03-03', '20:00', 'CE-05', 'CM002'),
('CE-05-0192', '2023-03-04', '16:00', 'CE-05', 'DM005'),
('CE-05-0193', '2023-03-04', '18:00', 'CE-05', 'DM003'),
('CE-05-0194', '2023-03-04', '20:00', 'CE-05', 'DM002'),
('CE-05-0252', '2023-03-05', '16:00', 'CE-05', 'AC004'),
('CE-05-0253', '2023-03-05', '18:00', 'CE-05', 'DM004'),
('CE-05-0254', '2023-03-05', '20:00', 'CE-05', 'AC001'),
('CE-05-0312', '2023-03-06', '16:00', 'CE-05', 'CF004'),
('CE-05-0313', '2023-03-06', '18:00', 'CE-05', 'CM003'),
('CE-05-0314', '2023-03-06', '20:00', 'CE-05', 'DM005'),
('CE-05-0372', '2023-03-07', '16:00', 'CE-05', 'DM004'),
('CE-05-0373', '2023-03-07', '18:00', 'CE-05', 'AC002'),
('CE-05-0374', '2023-03-07', '20:00', 'CE-05', 'TR002'),
('CE-05-0432', '2023-03-08', '16:00', 'CE-05', 'DM002'),
('CE-05-0433', '2023-03-08', '18:00', 'CE-05', 'CF002'),
('CE-05-0434', '2023-03-08', '20:00', 'CE-05', 'CM002'),
('CE-05-0492', '2023-03-09', '16:00', 'CE-05', 'AC004'),
('CE-05-0493', '2023-03-09', '18:00', 'CE-05', 'DM005'),
('CE-05-0494', '2023-03-09', '20:00', 'CE-05', 'CF005'),
('CE-05-0552', '2023-03-10', '16:00', 'CE-05', 'TR001'),
('CE-05-0553', '2023-03-10', '18:00', 'CE-05', 'CM003'),
('CE-05-0554', '2023-03-10', '20:00', 'CE-05', 'CF002'),
('CE-05-0612', '2023-03-11', '16:00', 'CE-05', 'CM003'),
('CE-05-0613', '2023-03-11', '18:00', 'CE-05', 'CF004'),
('CE-05-0614', '2023-03-11', '20:00', 'CE-05', 'TR002'),
('CE-05-0672', '2023-03-12', '16:00', 'CE-05', 'TR002'),
('CE-05-0673', '2023-03-12', '18:00', 'CE-05', 'AC002'),
('CE-05-0674', '2023-03-12', '20:00', 'CE-05', 'AC005'),
('CE-05-0732', '2023-03-13', '16:00', 'CE-05', 'TR004'),
('CE-05-0733', '2023-03-13', '18:00', 'CE-05', 'DM001'),
('CE-05-0734', '2023-03-13', '20:00', 'CE-05', 'DM002'),
('CE-05-0792', '2023-03-14', '16:00', 'CE-05', 'CM005'),
('CE-05-0793', '2023-03-14', '18:00', 'CE-05', 'TR004'),
('CE-05-0794', '2023-03-14', '20:00', 'CE-05', 'CF001'),
('CE-05-0852', '2023-03-15', '16:00', 'CE-05', 'DM004'),
('CE-05-0853', '2023-03-15', '18:00', 'CE-05', 'DM003'),
('CE-05-0854', '2023-03-15', '20:00', 'CE-05', 'TR004'),
('CE-05-0912', '2023-03-16', '16:00', 'CE-05', 'CM005'),
('CE-05-0913', '2023-03-16', '18:00', 'CE-05', 'TR001'),
('CE-05-0914', '2023-03-16', '20:00', 'CE-05', 'DM001'),
('CE-05-0972', '2023-03-17', '16:00', 'CE-05', 'TR003'),
('CE-05-0973', '2023-03-17', '18:00', 'CE-05', 'DM002'),
('CE-05-0974', '2023-03-17', '20:00', 'CE-05', 'AC001'),
('CE-05-1032', '2023-03-18', '16:00', 'CE-05', 'TR002'),
('CE-05-1033', '2023-03-18', '18:00', 'CE-05', 'AC004'),
('CE-05-1034', '2023-03-18', '20:00', 'CE-05', 'CF005'),
('CE-05-1092', '2023-03-19', '16:00', 'CE-05', 'TR004'),
('CE-05-1093', '2023-03-19', '18:00', 'CE-05', 'CF003'),
('CE-05-1094', '2023-03-19', '20:00', 'CE-05', 'CM003'),
('CE-05-1152', '2023-03-20', '16:00', 'CE-05', 'DM003'),
('CE-05-1153', '2023-03-20', '18:00', 'CE-05', 'DM004'),
('CE-05-1154', '2023-03-20', '20:00', 'CE-05', 'TR005'),
('CE-05-1212', '2023-03-21', '16:00', 'CE-05', 'DM001'),
('CE-05-1213', '2023-03-21', '18:00', 'CE-05', 'AC005'),
('CE-05-1214', '2023-03-21', '20:00', 'CE-05', 'TR001'),
('CE-05-1272', '2023-03-22', '16:00', 'CE-05', 'CM003'),
('CE-05-1273', '2023-03-22', '18:00', 'CE-05', 'DM002'),
('CE-05-1274', '2023-03-22', '20:00', 'CE-05', 'CF003'),
('CE-05-1332', '2023-03-23', '16:00', 'CE-05', 'DM003'),
('CE-05-1333', '2023-03-23', '18:00', 'CE-05', 'CM002'),
('CE-05-1334', '2023-03-23', '20:00', 'CE-05', 'DM003'),
('CE-05-1392', '2023-03-24', '16:00', 'CE-05', 'CF005'),
('CE-05-1393', '2023-03-24', '18:00', 'CE-05', 'TR005'),
('CE-05-1394', '2023-03-24', '20:00', 'CE-05', 'DM003'),
('CE-05-1452', '2023-03-25', '16:00', 'CE-05', 'AC003'),
('CE-05-1453', '2023-03-25', '18:00', 'CE-05', 'DM003'),
('CE-05-1454', '2023-03-25', '20:00', 'CE-05', 'CF001'),
('CE-05-1512', '2023-03-26', '16:00', 'CE-05', 'CM003'),
('CE-05-1513', '2023-03-26', '18:00', 'CE-05', 'CF003'),
('CE-05-1514', '2023-03-26', '20:00', 'CE-05', 'DM003'),
('CE-05-1572', '2023-03-27', '16:00', 'CE-05', 'TR004'),
('CE-05-1573', '2023-03-27', '18:00', 'CE-05', 'CM002'),
('CE-05-1574', '2023-03-27', '20:00', 'CE-05', 'DM001'),
('CE-05-1632', '2023-03-28', '16:00', 'CE-05', 'AC001'),
('CE-05-1633', '2023-03-28', '18:00', 'CE-05', 'CM004'),
('CE-05-1634', '2023-03-28', '20:00', 'CE-05', 'AC005'),
('CE-05-1692', '2023-03-29', '16:00', 'CE-05', 'CM005'),
('CE-05-1693', '2023-03-29', '18:00', 'CE-05', 'DM005'),
('CE-05-1694', '2023-03-29', '20:00', 'CE-05', 'AC005'),
('CE-05-1752', '2023-03-30', '16:00', 'CE-05', 'CM002'),
('CE-05-1753', '2023-03-30', '18:00', 'CE-05', 'AC002'),
('CE-05-1754', '2023-03-30', '20:00', 'CE-05', 'CF004'),
('CE-05-1812', '2023-03-31', '16:00', 'CE-05', 'CF001'),
('CE-05-1813', '2023-03-31', '18:00', 'CE-05', 'CF001'),
('CE-05-1814', '2023-03-31', '20:00', 'CE-05', 'AC003'),
('CY-01-0015', '2023-03-01', '16:00', 'CY-01', 'CF002'),
('CY-01-0016', '2023-03-01', '18:00', 'CY-01', 'AC002'),
('CY-01-0017', '2023-03-01', '20:00', 'CY-01', 'CM001'),
('CY-01-0075', '2023-03-02', '16:00', 'CY-01', 'CM005'),
('CY-01-0076', '2023-03-02', '18:00', 'CY-01', 'TR005'),
('CY-01-0077', '2023-03-02', '20:00', 'CY-01', 'AC001'),
('CY-01-0135', '2023-03-03', '16:00', 'CY-01', 'DM002'),
('CY-01-0136', '2023-03-03', '18:00', 'CY-01', 'CM005'),
('CY-01-0137', '2023-03-03', '20:00', 'CY-01', 'AC002'),
('CY-01-0195', '2023-03-04', '16:00', 'CY-01', 'DM001'),
('CY-01-0196', '2023-03-04', '18:00', 'CY-01', 'CF005'),
('CY-01-0197', '2023-03-04', '20:00', 'CY-01', 'AC005'),
('CY-01-0255', '2023-03-05', '16:00', 'CY-01', 'CF004'),
('CY-01-0256', '2023-03-05', '18:00', 'CY-01', 'CM003'),
('CY-01-0257', '2023-03-05', '20:00', 'CY-01', 'CM005'),
('CY-01-0315', '2023-03-06', '16:00', 'CY-01', 'CF003'),
('CY-01-0316', '2023-03-06', '18:00', 'CY-01', 'DM004'),
('CY-01-0317', '2023-03-06', '20:00', 'CY-01', 'TR005'),
('CY-01-0375', '2023-03-07', '16:00', 'CY-01', 'CM005'),
('CY-01-0376', '2023-03-07', '18:00', 'CY-01', 'CF004'),
('CY-01-0377', '2023-03-07', '20:00', 'CY-01', 'CF004'),
('CY-01-0435', '2023-03-08', '16:00', 'CY-01', 'TR002'),
('CY-01-0436', '2023-03-08', '18:00', 'CY-01', 'CM001'),
('CY-01-0437', '2023-03-08', '20:00', 'CY-01', 'CF002'),
('CY-01-0495', '2023-03-09', '16:00', 'CY-01', 'DM005'),
('CY-01-0496', '2023-03-09', '18:00', 'CY-01', 'AC001'),
('CY-01-0497', '2023-03-09', '20:00', 'CY-01', 'CM003'),
('CY-01-0555', '2023-03-10', '16:00', 'CY-01', 'AC004'),
('CY-01-0556', '2023-03-10', '18:00', 'CY-01', 'AC002'),
('CY-01-0557', '2023-03-10', '20:00', 'CY-01', 'TR003'),
('CY-01-0615', '2023-03-11', '16:00', 'CY-01', 'TR004'),
('CY-01-0616', '2023-03-11', '18:00', 'CY-01', 'CF003'),
('CY-01-0617', '2023-03-11', '20:00', 'CY-01', 'TR005'),
('CY-01-0675', '2023-03-12', '16:00', 'CY-01', 'DM003'),
('CY-01-0676', '2023-03-12', '18:00', 'CY-01', 'AC004'),
('CY-01-0677', '2023-03-12', '20:00', 'CY-01', 'AC003'),
('CY-01-0735', '2023-03-13', '16:00', 'CY-01', 'CF002'),
('CY-01-0736', '2023-03-13', '18:00', 'CY-01', 'CM005'),
('CY-01-0737', '2023-03-13', '20:00', 'CY-01', 'CM001'),
('CY-01-0795', '2023-03-14', '16:00', 'CY-01', 'DM003'),
('CY-01-0796', '2023-03-14', '18:00', 'CY-01', 'CM005'),
('CY-01-0797', '2023-03-14', '20:00', 'CY-01', 'CM004'),
('CY-01-0855', '2023-03-15', '16:00', 'CY-01', 'TR002'),
('CY-01-0856', '2023-03-15', '18:00', 'CY-01', 'TR003'),
('CY-01-0857', '2023-03-15', '20:00', 'CY-01', 'CF004'),
('CY-01-0915', '2023-03-16', '16:00', 'CY-01', 'TR001'),
('CY-01-0916', '2023-03-16', '18:00', 'CY-01', 'AC003'),
('CY-01-0917', '2023-03-16', '20:00', 'CY-01', 'CM005'),
('CY-01-0975', '2023-03-17', '16:00', 'CY-01', 'DM005'),
('CY-01-0976', '2023-03-17', '18:00', 'CY-01', 'TR005'),
('CY-01-0977', '2023-03-17', '20:00', 'CY-01', 'CF001'),
('CY-01-1035', '2023-03-18', '16:00', 'CY-01', 'TR005'),
('CY-01-1036', '2023-03-18', '18:00', 'CY-01', 'CF001'),
('CY-01-1037', '2023-03-18', '20:00', 'CY-01', 'DM004'),
('CY-01-1095', '2023-03-19', '16:00', 'CY-01', 'CM001'),
('CY-01-1096', '2023-03-19', '18:00', 'CY-01', 'CM005'),
('CY-01-1097', '2023-03-19', '20:00', 'CY-01', 'TR003'),
('CY-01-1155', '2023-03-20', '16:00', 'CY-01', 'CF001'),
('CY-01-1156', '2023-03-20', '18:00', 'CY-01', 'CM004'),
('CY-01-1157', '2023-03-20', '20:00', 'CY-01', 'AC004'),
('CY-01-1215', '2023-03-21', '16:00', 'CY-01', 'DM001'),
('CY-01-1216', '2023-03-21', '18:00', 'CY-01', 'DM004'),
('CY-01-1217', '2023-03-21', '20:00', 'CY-01', 'TR003'),
('CY-01-1275', '2023-03-22', '16:00', 'CY-01', 'CM004'),
('CY-01-1276', '2023-03-22', '18:00', 'CY-01', 'CM005'),
('CY-01-1277', '2023-03-22', '20:00', 'CY-01', 'CM001'),
('CY-01-1335', '2023-03-23', '16:00', 'CY-01', 'CF003'),
('CY-01-1336', '2023-03-23', '18:00', 'CY-01', 'CF003'),
('CY-01-1337', '2023-03-23', '20:00', 'CY-01', 'CM001'),
('CY-01-1395', '2023-03-24', '16:00', 'CY-01', 'CF005'),
('CY-01-1396', '2023-03-24', '18:00', 'CY-01', 'CM004'),
('CY-01-1397', '2023-03-24', '20:00', 'CY-01', 'TR005'),
('CY-01-1455', '2023-03-25', '16:00', 'CY-01', 'TR002'),
('CY-01-1456', '2023-03-25', '18:00', 'CY-01', 'AC005'),
('CY-01-1457', '2023-03-25', '20:00', 'CY-01', 'TR005'),
('CY-01-1515', '2023-03-26', '16:00', 'CY-01', 'CM005'),
('CY-01-1516', '2023-03-26', '18:00', 'CY-01', 'AC003'),
('CY-01-1517', '2023-03-26', '20:00', 'CY-01', 'CF001'),
('CY-01-1575', '2023-03-27', '16:00', 'CY-01', 'TR002'),
('CY-01-1576', '2023-03-27', '18:00', 'CY-01', 'DM005'),
('CY-01-1577', '2023-03-27', '20:00', 'CY-01', 'CM002'),
('CY-01-1635', '2023-03-28', '16:00', 'CY-01', 'CM004'),
('CY-01-1636', '2023-03-28', '18:00', 'CY-01', 'AC005'),
('CY-01-1637', '2023-03-28', '20:00', 'CY-01', 'CF001'),
('CY-01-1695', '2023-03-29', '16:00', 'CY-01', 'TR002'),
('CY-01-1696', '2023-03-29', '18:00', 'CY-01', 'DM001'),
('CY-01-1697', '2023-03-29', '20:00', 'CY-01', 'CF002'),
('CY-01-1755', '2023-03-30', '16:00', 'CY-01', 'CF001'),
('CY-01-1756', '2023-03-30', '18:00', 'CY-01', 'DM005'),
('CY-01-1757', '2023-03-30', '20:00', 'CY-01', 'TR001'),
('CY-01-1815', '2023-03-31', '16:00', 'CY-01', 'DM004'),
('CY-01-1816', '2023-03-31', '18:00', 'CY-01', 'AC002'),
('CY-01-1817', '2023-03-31', '20:00', 'CY-01', 'CF004'),
('CY-02-0018', '2023-03-01', '16:00', 'CY-02', 'AC002'),
('CY-02-0019', '2023-03-01', '18:00', 'CY-02', 'CM002'),
('CY-02-0020', '2023-03-01', '20:00', 'CY-02', 'CF004'),
('CY-02-0078', '2023-03-02', '16:00', 'CY-02', 'DM005'),
('CY-02-0079', '2023-03-02', '18:00', 'CY-02', 'TR005'),
('CY-02-0080', '2023-03-02', '20:00', 'CY-02', 'CM001'),
('CY-02-0138', '2023-03-03', '16:00', 'CY-02', 'CM005'),
('CY-02-0139', '2023-03-03', '18:00', 'CY-02', 'AC002'),
('CY-02-0140', '2023-03-03', '20:00', 'CY-02', 'CF005'),
('CY-02-0198', '2023-03-04', '16:00', 'CY-02', 'DM003'),
('CY-02-0199', '2023-03-04', '18:00', 'CY-02', 'CM005'),
('CY-02-0200', '2023-03-04', '20:00', 'CY-02', 'DM004'),
('CY-02-0258', '2023-03-05', '16:00', 'CY-02', 'TR004'),
('CY-02-0259', '2023-03-05', '18:00', 'CY-02', 'CM002'),
('CY-02-0260', '2023-03-05', '20:00', 'CY-02', 'CF003'),
('CY-02-0318', '2023-03-06', '16:00', 'CY-02', 'CF001'),
('CY-02-0319', '2023-03-06', '18:00', 'CY-02', 'CM001'),
('CY-02-0320', '2023-03-06', '20:00', 'CY-02', 'TR001'),
('CY-02-0378', '2023-03-07', '16:00', 'CY-02', 'CF002'),
('CY-02-0379', '2023-03-07', '18:00', 'CY-02', 'CF004'),
('CY-02-0380', '2023-03-07', '20:00', 'CY-02', 'AC001'),
('CY-02-0438', '2023-03-08', '16:00', 'CY-02', 'AC003'),
('CY-02-0439', '2023-03-08', '18:00', 'CY-02', 'CM001'),
('CY-02-0440', '2023-03-08', '20:00', 'CY-02', 'TR002'),
('CY-02-0498', '2023-03-09', '16:00', 'CY-02', 'CF001'),
('CY-02-0499', '2023-03-09', '18:00', 'CY-02', 'AC004'),
('CY-02-0500', '2023-03-09', '20:00', 'CY-02', 'CM001'),
('CY-02-0558', '2023-03-10', '16:00', 'CY-02', 'CM004'),
('CY-02-0559', '2023-03-10', '18:00', 'CY-02', 'TR002'),
('CY-02-0560', '2023-03-10', '20:00', 'CY-02', 'CF001'),
('CY-02-0618', '2023-03-11', '16:00', 'CY-02', 'DM001'),
('CY-02-0619', '2023-03-11', '18:00', 'CY-02', 'CF001'),
('CY-02-0620', '2023-03-11', '20:00', 'CY-02', 'TR004'),
('CY-02-0678', '2023-03-12', '16:00', 'CY-02', 'DM003'),
('CY-02-0679', '2023-03-12', '18:00', 'CY-02', 'AC003'),
('CY-02-0680', '2023-03-12', '20:00', 'CY-02', 'CM001'),
('CY-02-0738', '2023-03-13', '16:00', 'CY-02', 'CF003'),
('CY-02-0739', '2023-03-13', '18:00', 'CY-02', 'CF004'),
('CY-02-0740', '2023-03-13', '20:00', 'CY-02', 'CM003'),
('CY-02-0798', '2023-03-14', '16:00', 'CY-02', 'CM004'),
('CY-02-0799', '2023-03-14', '18:00', 'CY-02', 'DM002'),
('CY-02-0800', '2023-03-14', '20:00', 'CY-02', 'TR004'),
('CY-02-0858', '2023-03-15', '16:00', 'CY-02', 'CF004'),
('CY-02-0859', '2023-03-15', '18:00', 'CY-02', 'TR004'),
('CY-02-0860', '2023-03-15', '20:00', 'CY-02', 'DM001'),
('CY-02-0918', '2023-03-16', '16:00', 'CY-02', 'TR005'),
('CY-02-0919', '2023-03-16', '18:00', 'CY-02', 'CF004'),
('CY-02-0920', '2023-03-16', '20:00', 'CY-02', 'CF003'),
('CY-02-0978', '2023-03-17', '16:00', 'CY-02', 'TR004'),
('CY-02-0979', '2023-03-17', '18:00', 'CY-02', 'CM001'),
('CY-02-0980', '2023-03-17', '20:00', 'CY-02', 'CM005'),
('CY-02-1038', '2023-03-18', '16:00', 'CY-02', 'CM004'),
('CY-02-1039', '2023-03-18', '18:00', 'CY-02', 'DM003'),
('CY-02-1040', '2023-03-18', '20:00', 'CY-02', 'DM004'),
('CY-02-1098', '2023-03-19', '16:00', 'CY-02', 'CM002'),
('CY-02-1099', '2023-03-19', '18:00', 'CY-02', 'DM005'),
('CY-02-1100', '2023-03-19', '20:00', 'CY-02', 'CM002'),
('CY-02-1158', '2023-03-20', '16:00', 'CY-02', 'CF005'),
('CY-02-1159', '2023-03-20', '18:00', 'CY-02', 'CF002'),
('CY-02-1160', '2023-03-20', '20:00', 'CY-02', 'TR005'),
('CY-02-1218', '2023-03-21', '16:00', 'CY-02', 'DM001'),
('CY-02-1219', '2023-03-21', '18:00', 'CY-02', 'CM003'),
('CY-02-1220', '2023-03-21', '20:00', 'CY-02', 'TR005'),
('CY-02-1278', '2023-03-22', '16:00', 'CY-02', 'DM003'),
('CY-02-1279', '2023-03-22', '18:00', 'CY-02', 'DM002'),
('CY-02-1280', '2023-03-22', '20:00', 'CY-02', 'AC002'),
('CY-02-1338', '2023-03-23', '16:00', 'CY-02', 'DM004'),
('CY-02-1339', '2023-03-23', '18:00', 'CY-02', 'CF003'),
('CY-02-1340', '2023-03-23', '20:00', 'CY-02', 'TR001'),
('CY-02-1398', '2023-03-24', '16:00', 'CY-02', 'DM003'),
('CY-02-1399', '2023-03-24', '18:00', 'CY-02', 'CM001'),
('CY-02-1400', '2023-03-24', '20:00', 'CY-02', 'CM003'),
('CY-02-1458', '2023-03-25', '16:00', 'CY-02', 'CM003'),
('CY-02-1459', '2023-03-25', '18:00', 'CY-02', 'AC004'),
('CY-02-1460', '2023-03-25', '20:00', 'CY-02', 'DM001'),
('CY-02-1518', '2023-03-26', '16:00', 'CY-02', 'CF001'),
('CY-02-1519', '2023-03-26', '18:00', 'CY-02', 'CM003'),
('CY-02-1520', '2023-03-26', '20:00', 'CY-02', 'DM004'),
('CY-02-1578', '2023-03-27', '16:00', 'CY-02', 'DM002'),
('CY-02-1579', '2023-03-27', '18:00', 'CY-02', 'DM004'),
('CY-02-1580', '2023-03-27', '20:00', 'CY-02', 'CM003'),
('CY-02-1638', '2023-03-28', '16:00', 'CY-02', 'CF002'),
('CY-02-1639', '2023-03-28', '18:00', 'CY-02', 'TR002'),
('CY-02-1640', '2023-03-28', '20:00', 'CY-02', 'AC002'),
('CY-02-1698', '2023-03-29', '16:00', 'CY-02', 'CF004'),
('CY-02-1699', '2023-03-29', '18:00', 'CY-02', 'CM002'),
('CY-02-1700', '2023-03-29', '20:00', 'CY-02', 'AC001'),
('CY-02-1758', '2023-03-30', '16:00', 'CY-02', 'AC005'),
('CY-02-1759', '2023-03-30', '18:00', 'CY-02', 'AC001'),
('CY-02-1760', '2023-03-30', '20:00', 'CY-02', 'CM005'),
('CY-02-1818', '2023-03-31', '16:00', 'CY-02', 'TR004'),
('CY-02-1819', '2023-03-31', '18:00', 'CY-02', 'AC001'),
('CY-02-1820', '2023-03-31', '20:00', 'CY-02', 'CF001'),
('CY-03-0021', '2023-03-01', '16:00', 'CY-03', 'CF004'),
('CY-03-0022', '2023-03-01', '18:00', 'CY-03', 'CM002'),
('CY-03-0023', '2023-03-01', '20:00', 'CY-03', 'DM002'),
('CY-03-0081', '2023-03-02', '16:00', 'CY-03', 'CF001'),
('CY-03-0082', '2023-03-02', '18:00', 'CY-03', 'DM002'),
('CY-03-0083', '2023-03-02', '20:00', 'CY-03', 'DM005'),
('CY-03-0141', '2023-03-03', '16:00', 'CY-03', 'AC001'),
('CY-03-0142', '2023-03-03', '18:00', 'CY-03', 'CF005'),
('CY-03-0143', '2023-03-03', '20:00', 'CY-03', 'CM003'),
('CY-03-0201', '2023-03-04', '16:00', 'CY-03', 'CM005'),
('CY-03-0202', '2023-03-04', '18:00', 'CY-03', 'DM004'),
('CY-03-0203', '2023-03-04', '20:00', 'CY-03', 'CF004'),
('CY-03-0261', '2023-03-05', '16:00', 'CY-03', 'AC002'),
('CY-03-0262', '2023-03-05', '18:00', 'CY-03', 'CM002'),
('CY-03-0263', '2023-03-05', '20:00', 'CY-03', 'TR003'),
('CY-03-0321', '2023-03-06', '16:00', 'CY-03', 'TR001'),
('CY-03-0322', '2023-03-06', '18:00', 'CY-03', 'DM002'),
('CY-03-0323', '2023-03-06', '20:00', 'CY-03', 'DM005'),
('CY-03-0381', '2023-03-07', '16:00', 'CY-03', 'CM005'),
('CY-03-0382', '2023-03-07', '18:00', 'CY-03', 'CF001'),
('CY-03-0383', '2023-03-07', '20:00', 'CY-03', 'TR002'),
('CY-03-0441', '2023-03-08', '16:00', 'CY-03', 'CF002'),
('CY-03-0442', '2023-03-08', '18:00', 'CY-03', 'TR001'),
('CY-03-0443', '2023-03-08', '20:00', 'CY-03', 'AC005'),
('CY-03-0501', '2023-03-09', '16:00', 'CY-03', 'CF005'),
('CY-03-0502', '2023-03-09', '18:00', 'CY-03', 'CF003'),
('CY-03-0503', '2023-03-09', '20:00', 'CY-03', 'CF003'),
('CY-03-0561', '2023-03-10', '16:00', 'CY-03', 'TR001'),
('CY-03-0562', '2023-03-10', '18:00', 'CY-03', 'CM005'),
('CY-03-0563', '2023-03-10', '20:00', 'CY-03', 'DM002'),
('CY-03-0621', '2023-03-11', '16:00', 'CY-03', 'TR005'),
('CY-03-0622', '2023-03-11', '18:00', 'CY-03', 'DM004'),
('CY-03-0623', '2023-03-11', '20:00', 'CY-03', 'AC003'),
('CY-03-0681', '2023-03-12', '16:00', 'CY-03', 'AC002'),
('CY-03-0682', '2023-03-12', '18:00', 'CY-03', 'AC004'),
('CY-03-0683', '2023-03-12', '20:00', 'CY-03', 'AC005'),
('CY-03-0741', '2023-03-13', '16:00', 'CY-03', 'AC001'),
('CY-03-0742', '2023-03-13', '18:00', 'CY-03', 'DM004'),
('CY-03-0743', '2023-03-13', '20:00', 'CY-03', 'AC004'),
('CY-03-0801', '2023-03-14', '16:00', 'CY-03', 'CF003'),
('CY-03-0802', '2023-03-14', '18:00', 'CY-03', 'CM004'),
('CY-03-0803', '2023-03-14', '20:00', 'CY-03', 'DM001'),
('CY-03-0861', '2023-03-15', '16:00', 'CY-03', 'AC005'),
('CY-03-0862', '2023-03-15', '18:00', 'CY-03', 'CM002'),
('CY-03-0863', '2023-03-15', '20:00', 'CY-03', 'CF001'),
('CY-03-0921', '2023-03-16', '16:00', 'CY-03', 'TR001'),
('CY-03-0922', '2023-03-16', '18:00', 'CY-03', 'CM004'),
('CY-03-0923', '2023-03-16', '20:00', 'CY-03', 'TR002'),
('CY-03-0981', '2023-03-17', '16:00', 'CY-03', 'CF001'),
('CY-03-0982', '2023-03-17', '18:00', 'CY-03', 'DM004'),
('CY-03-0983', '2023-03-17', '20:00', 'CY-03', 'TR002'),
('CY-03-1041', '2023-03-18', '16:00', 'CY-03', 'CF003'),
('CY-03-1042', '2023-03-18', '18:00', 'CY-03', 'AC002'),
('CY-03-1043', '2023-03-18', '20:00', 'CY-03', 'DM005'),
('CY-03-1101', '2023-03-19', '16:00', 'CY-03', 'DM001'),
('CY-03-1102', '2023-03-19', '18:00', 'CY-03', 'CF005'),
('CY-03-1103', '2023-03-19', '20:00', 'CY-03', 'CM003'),
('CY-03-1161', '2023-03-20', '16:00', 'CY-03', 'AC004'),
('CY-03-1162', '2023-03-20', '18:00', 'CY-03', 'TR003'),
('CY-03-1163', '2023-03-20', '20:00', 'CY-03', 'CF005'),
('CY-03-1221', '2023-03-21', '16:00', 'CY-03', 'DM001'),
('CY-03-1222', '2023-03-21', '18:00', 'CY-03', 'CF001'),
('CY-03-1223', '2023-03-21', '20:00', 'CY-03', 'CM002'),
('CY-03-1281', '2023-03-22', '16:00', 'CY-03', 'CF003'),
('CY-03-1282', '2023-03-22', '18:00', 'CY-03', 'DM002'),
('CY-03-1283', '2023-03-22', '20:00', 'CY-03', 'TR004'),
('CY-03-1341', '2023-03-23', '16:00', 'CY-03', 'CM003'),
('CY-03-1342', '2023-03-23', '18:00', 'CY-03', 'TR003'),
('CY-03-1343', '2023-03-23', '20:00', 'CY-03', 'AC001'),
('CY-03-1401', '2023-03-24', '16:00', 'CY-03', 'CF001'),
('CY-03-1402', '2023-03-24', '18:00', 'CY-03', 'AC005'),
('CY-03-1403', '2023-03-24', '20:00', 'CY-03', 'AC005'),
('CY-03-1461', '2023-03-25', '16:00', 'CY-03', 'DM004'),
('CY-03-1462', '2023-03-25', '18:00', 'CY-03', 'CF002'),
('CY-03-1463', '2023-03-25', '20:00', 'CY-03', 'DM004'),
('CY-03-1521', '2023-03-26', '16:00', 'CY-03', 'CF001'),
('CY-03-1522', '2023-03-26', '18:00', 'CY-03', 'TR004'),
('CY-03-1523', '2023-03-26', '20:00', 'CY-03', 'CF001'),
('CY-03-1581', '2023-03-27', '16:00', 'CY-03', 'TR005'),
('CY-03-1582', '2023-03-27', '18:00', 'CY-03', 'TR003'),
('CY-03-1583', '2023-03-27', '20:00', 'CY-03', 'CF002'),
('CY-03-1641', '2023-03-28', '16:00', 'CY-03', 'CF005'),
('CY-03-1642', '2023-03-28', '18:00', 'CY-03', 'CF002'),
('CY-03-1643', '2023-03-28', '20:00', 'CY-03', 'TR005'),
('CY-03-1701', '2023-03-29', '16:00', 'CY-03', 'CM002'),
('CY-03-1702', '2023-03-29', '18:00', 'CY-03', 'TR003'),
('CY-03-1703', '2023-03-29', '20:00', 'CY-03', 'CF004'),
('CY-03-1761', '2023-03-30', '16:00', 'CY-03', 'CF003'),
('CY-03-1762', '2023-03-30', '18:00', 'CY-03', 'TR004'),
('CY-03-1763', '2023-03-30', '20:00', 'CY-03', 'AC005'),
('CY-03-1821', '2023-03-31', '16:00', 'CY-03', 'CM004'),
('CY-03-1822', '2023-03-31', '18:00', 'CY-03', 'CF001'),
('CY-03-1823', '2023-03-31', '20:00', 'CY-03', 'DM004'),
('CY-04-0024', '2023-03-01', '16:00', 'CY-04', 'CF002'),
('CY-04-0025', '2023-03-01', '18:00', 'CY-04', 'CM005'),
('CY-04-0026', '2023-03-01', '20:00', 'CY-04', 'AC001'),
('CY-04-0084', '2023-03-02', '16:00', 'CY-04', 'TR002'),
('CY-04-0085', '2023-03-02', '18:00', 'CY-04', 'AC005'),
('CY-04-0086', '2023-03-02', '20:00', 'CY-04', 'CF003'),
('CY-04-0144', '2023-03-03', '16:00', 'CY-04', 'CM004'),
('CY-04-0145', '2023-03-03', '18:00', 'CY-04', 'CM004'),
('CY-04-0146', '2023-03-03', '20:00', 'CY-04', 'DM002'),
('CY-04-0204', '2023-03-04', '16:00', 'CY-04', 'CM002'),
('CY-04-0205', '2023-03-04', '18:00', 'CY-04', 'TR002'),
('CY-04-0206', '2023-03-04', '20:00', 'CY-04', 'TR003'),
('CY-04-0264', '2023-03-05', '16:00', 'CY-04', 'AC003'),
('CY-04-0265', '2023-03-05', '18:00', 'CY-04', 'DM002'),
('CY-04-0266', '2023-03-05', '20:00', 'CY-04', 'CF005'),
('CY-04-0324', '2023-03-06', '16:00', 'CY-04', 'CM005'),
('CY-04-0325', '2023-03-06', '18:00', 'CY-04', 'TR001'),
('CY-04-0326', '2023-03-06', '20:00', 'CY-04', 'CF002'),
('CY-04-0384', '2023-03-07', '16:00', 'CY-04', 'CM002'),
('CY-04-0385', '2023-03-07', '18:00', 'CY-04', 'TR005'),
('CY-04-0386', '2023-03-07', '20:00', 'CY-04', 'CF001'),
('CY-04-0444', '2023-03-08', '16:00', 'CY-04', 'AC004'),
('CY-04-0445', '2023-03-08', '18:00', 'CY-04', 'CF005'),
('CY-04-0446', '2023-03-08', '20:00', 'CY-04', 'CF002'),
('CY-04-0504', '2023-03-09', '16:00', 'CY-04', 'CF005'),
('CY-04-0505', '2023-03-09', '18:00', 'CY-04', 'TR003'),
('CY-04-0506', '2023-03-09', '20:00', 'CY-04', 'CM002'),
('CY-04-0564', '2023-03-10', '16:00', 'CY-04', 'TR002'),
('CY-04-0565', '2023-03-10', '18:00', 'CY-04', 'TR002'),
('CY-04-0566', '2023-03-10', '20:00', 'CY-04', 'DM003'),
('CY-04-0624', '2023-03-11', '16:00', 'CY-04', 'TR001'),
('CY-04-0625', '2023-03-11', '18:00', 'CY-04', 'CF002'),
('CY-04-0626', '2023-03-11', '20:00', 'CY-04', 'TR004'),
('CY-04-0684', '2023-03-12', '16:00', 'CY-04', 'CF002'),
('CY-04-0685', '2023-03-12', '18:00', 'CY-04', 'AC002'),
('CY-04-0686', '2023-03-12', '20:00', 'CY-04', 'CF001'),
('CY-04-0744', '2023-03-13', '16:00', 'CY-04', 'TR004'),
('CY-04-0745', '2023-03-13', '18:00', 'CY-04', 'AC005'),
('CY-04-0746', '2023-03-13', '20:00', 'CY-04', 'AC005'),
('CY-04-0804', '2023-03-14', '16:00', 'CY-04', 'AC001'),
('CY-04-0805', '2023-03-14', '18:00', 'CY-04', 'CM001'),
('CY-04-0806', '2023-03-14', '20:00', 'CY-04', 'CM005'),
('CY-04-0864', '2023-03-15', '16:00', 'CY-04', 'AC005'),
('CY-04-0865', '2023-03-15', '18:00', 'CY-04', 'CF004'),
('CY-04-0866', '2023-03-15', '20:00', 'CY-04', 'TR003'),
('CY-04-0924', '2023-03-16', '16:00', 'CY-04', 'DM004'),
('CY-04-0925', '2023-03-16', '18:00', 'CY-04', 'CM001'),
('CY-04-0926', '2023-03-16', '20:00', 'CY-04', 'CF002'),
('CY-04-0984', '2023-03-17', '16:00', 'CY-04', 'CM005'),
('CY-04-0985', '2023-03-17', '18:00', 'CY-04', 'TR001'),
('CY-04-0986', '2023-03-17', '20:00', 'CY-04', 'TR001'),
('CY-04-1044', '2023-03-18', '16:00', 'CY-04', 'CM003'),
('CY-04-1045', '2023-03-18', '18:00', 'CY-04', 'CF003'),
('CY-04-1046', '2023-03-18', '20:00', 'CY-04', 'CM004'),
('CY-04-1104', '2023-03-19', '16:00', 'CY-04', 'CF003'),
('CY-04-1105', '2023-03-19', '18:00', 'CY-04', 'CF004'),
('CY-04-1106', '2023-03-19', '20:00', 'CY-04', 'TR005'),
('CY-04-1164', '2023-03-20', '16:00', 'CY-04', 'TR002'),
('CY-04-1165', '2023-03-20', '18:00', 'CY-04', 'CF004'),
('CY-04-1166', '2023-03-20', '20:00', 'CY-04', 'AC005'),
('CY-04-1224', '2023-03-21', '16:00', 'CY-04', 'CF005'),
('CY-04-1225', '2023-03-21', '18:00', 'CY-04', 'TR004'),
('CY-04-1226', '2023-03-21', '20:00', 'CY-04', 'TR001'),
('CY-04-1284', '2023-03-22', '16:00', 'CY-04', 'DM005'),
('CY-04-1285', '2023-03-22', '18:00', 'CY-04', 'TR002'),
('CY-04-1286', '2023-03-22', '20:00', 'CY-04', 'CF002'),
('CY-04-1344', '2023-03-23', '16:00', 'CY-04', 'DM003'),
('CY-04-1345', '2023-03-23', '18:00', 'CY-04', 'CF005'),
('CY-04-1346', '2023-03-23', '20:00', 'CY-04', 'AC001'),
('CY-04-1404', '2023-03-24', '16:00', 'CY-04', 'CM002'),
('CY-04-1405', '2023-03-24', '18:00', 'CY-04', 'TR002'),
('CY-04-1406', '2023-03-24', '20:00', 'CY-04', 'TR005'),
('CY-04-1464', '2023-03-25', '16:00', 'CY-04', 'TR005'),
('CY-04-1465', '2023-03-25', '18:00', 'CY-04', 'CF005'),
('CY-04-1466', '2023-03-25', '20:00', 'CY-04', 'DM003'),
('CY-04-1524', '2023-03-26', '16:00', 'CY-04', 'DM005'),
('CY-04-1525', '2023-03-26', '18:00', 'CY-04', 'CF001'),
('CY-04-1526', '2023-03-26', '20:00', 'CY-04', 'CF005'),
('CY-04-1584', '2023-03-27', '16:00', 'CY-04', 'TR001'),
('CY-04-1585', '2023-03-27', '18:00', 'CY-04', 'DM005'),
('CY-04-1586', '2023-03-27', '20:00', 'CY-04', 'TR002'),
('CY-04-1644', '2023-03-28', '16:00', 'CY-04', 'CF003'),
('CY-04-1645', '2023-03-28', '18:00', 'CY-04', 'CM003'),
('CY-04-1646', '2023-03-28', '20:00', 'CY-04', 'CM003'),
('CY-04-1704', '2023-03-29', '16:00', 'CY-04', 'TR003'),
('CY-04-1705', '2023-03-29', '18:00', 'CY-04', 'DM004'),
('CY-04-1706', '2023-03-29', '20:00', 'CY-04', 'CM002'),
('CY-04-1764', '2023-03-30', '16:00', 'CY-04', 'DM004'),
('CY-04-1765', '2023-03-30', '18:00', 'CY-04', 'TR005'),
('CY-04-1766', '2023-03-30', '20:00', 'CY-04', 'AC002'),
('CY-04-1824', '2023-03-31', '16:00', 'CY-04', 'CF001'),
('CY-04-1825', '2023-03-31', '18:00', 'CY-04', 'CM005'),
('CY-04-1826', '2023-03-31', '20:00', 'CY-04', 'CF005'),
('CY-05-0027', '2023-03-01', '16:00', 'CY-05', 'TR004'),
('CY-05-0028', '2023-03-01', '18:00', 'CY-05', 'CF005'),
('CY-05-0029', '2023-03-01', '20:00', 'CY-05', 'CM003'),
('CY-05-0087', '2023-03-02', '16:00', 'CY-05', 'CM002'),
('CY-05-0088', '2023-03-02', '18:00', 'CY-05', 'AC005'),
('CY-05-0089', '2023-03-02', '20:00', 'CY-05', 'CF003'),
('CY-05-0147', '2023-03-03', '16:00', 'CY-05', 'TR004'),
('CY-05-0148', '2023-03-03', '18:00', 'CY-05', 'TR001'),
('CY-05-0149', '2023-03-03', '20:00', 'CY-05', 'TR004'),
('CY-05-0207', '2023-03-04', '16:00', 'CY-05', 'CM001'),
('CY-05-0208', '2023-03-04', '18:00', 'CY-05', 'AC005'),
('CY-05-0209', '2023-03-04', '20:00', 'CY-05', 'TR002'),
('CY-05-0267', '2023-03-05', '16:00', 'CY-05', 'CF002'),
('CY-05-0268', '2023-03-05', '18:00', 'CY-05', 'TR003'),
('CY-05-0269', '2023-03-05', '20:00', 'CY-05', 'DM003'),
('CY-05-0327', '2023-03-06', '16:00', 'CY-05', 'TR004'),
('CY-05-0328', '2023-03-06', '18:00', 'CY-05', 'CM004'),
('CY-05-0329', '2023-03-06', '20:00', 'CY-05', 'AC003'),
('CY-05-0387', '2023-03-07', '16:00', 'CY-05', 'AC005'),
('CY-05-0388', '2023-03-07', '18:00', 'CY-05', 'DM004'),
('CY-05-0389', '2023-03-07', '20:00', 'CY-05', 'CM002'),
('CY-05-0447', '2023-03-08', '16:00', 'CY-05', 'TR004'),
('CY-05-0448', '2023-03-08', '18:00', 'CY-05', 'TR005'),
('CY-05-0449', '2023-03-08', '20:00', 'CY-05', 'CM002'),
('CY-05-0507', '2023-03-09', '16:00', 'CY-05', 'CF001'),
('CY-05-0508', '2023-03-09', '18:00', 'CY-05', 'CF002'),
('CY-05-0509', '2023-03-09', '20:00', 'CY-05', 'TR003'),
('CY-05-0567', '2023-03-10', '16:00', 'CY-05', 'TR005'),
('CY-05-0568', '2023-03-10', '18:00', 'CY-05', 'DM003'),
('CY-05-0569', '2023-03-10', '20:00', 'CY-05', 'TR005'),
('CY-05-0627', '2023-03-11', '16:00', 'CY-05', 'AC001'),
('CY-05-0628', '2023-03-11', '18:00', 'CY-05', 'CF004'),
('CY-05-0629', '2023-03-11', '20:00', 'CY-05', 'CF001'),
('CY-05-0687', '2023-03-12', '16:00', 'CY-05', 'CM001'),
('CY-05-0688', '2023-03-12', '18:00', 'CY-05', 'AC005'),
('CY-05-0689', '2023-03-12', '20:00', 'CY-05', 'CF004'),
('CY-05-0747', '2023-03-13', '16:00', 'CY-05', 'CF001'),
('CY-05-0748', '2023-03-13', '18:00', 'CY-05', 'TR002'),
('CY-05-0749', '2023-03-13', '20:00', 'CY-05', 'TR003'),
('CY-05-0807', '2023-03-14', '16:00', 'CY-05', 'TR005'),
('CY-05-0808', '2023-03-14', '18:00', 'CY-05', 'CM002'),
('CY-05-0809', '2023-03-14', '20:00', 'CY-05', 'AC004'),
('CY-05-0867', '2023-03-15', '16:00', 'CY-05', 'CF003'),
('CY-05-0868', '2023-03-15', '18:00', 'CY-05', 'CF002'),
('CY-05-0869', '2023-03-15', '20:00', 'CY-05', 'AC004'),
('CY-05-0927', '2023-03-16', '16:00', 'CY-05', 'AC002'),
('CY-05-0928', '2023-03-16', '18:00', 'CY-05', 'CM001');
INSERT INTO `sesiones` (`cod_sesion`, `fecha`, `hora`, `cod_sala`, `cod_pelicula`) VALUES
('CY-05-0929', '2023-03-16', '20:00', 'CY-05', 'CM005'),
('CY-05-0987', '2023-03-17', '16:00', 'CY-05', 'DM002'),
('CY-05-0988', '2023-03-17', '18:00', 'CY-05', 'AC004'),
('CY-05-0989', '2023-03-17', '20:00', 'CY-05', 'DM005'),
('CY-05-1047', '2023-03-18', '16:00', 'CY-05', 'AC001'),
('CY-05-1048', '2023-03-18', '18:00', 'CY-05', 'TR002'),
('CY-05-1049', '2023-03-18', '20:00', 'CY-05', 'AC004'),
('CY-05-1107', '2023-03-19', '16:00', 'CY-05', 'DM002'),
('CY-05-1108', '2023-03-19', '18:00', 'CY-05', 'AC003'),
('CY-05-1109', '2023-03-19', '20:00', 'CY-05', 'CF004'),
('CY-05-1167', '2023-03-20', '16:00', 'CY-05', 'TR002'),
('CY-05-1168', '2023-03-20', '18:00', 'CY-05', 'AC004'),
('CY-05-1169', '2023-03-20', '20:00', 'CY-05', 'CM005'),
('CY-05-1227', '2023-03-21', '16:00', 'CY-05', 'DM002'),
('CY-05-1228', '2023-03-21', '18:00', 'CY-05', 'CM004'),
('CY-05-1229', '2023-03-21', '20:00', 'CY-05', 'DM001'),
('CY-05-1287', '2023-03-22', '16:00', 'CY-05', 'DM001'),
('CY-05-1288', '2023-03-22', '18:00', 'CY-05', 'TR002'),
('CY-05-1289', '2023-03-22', '20:00', 'CY-05', 'AC002'),
('CY-05-1347', '2023-03-23', '16:00', 'CY-05', 'AC005'),
('CY-05-1348', '2023-03-23', '18:00', 'CY-05', 'CF004'),
('CY-05-1349', '2023-03-23', '20:00', 'CY-05', 'CM001'),
('CY-05-1407', '2023-03-24', '16:00', 'CY-05', 'AC004'),
('CY-05-1408', '2023-03-24', '18:00', 'CY-05', 'DM005'),
('CY-05-1409', '2023-03-24', '20:00', 'CY-05', 'CF005'),
('CY-05-1467', '2023-03-25', '16:00', 'CY-05', 'CF002'),
('CY-05-1468', '2023-03-25', '18:00', 'CY-05', 'DM005'),
('CY-05-1469', '2023-03-25', '20:00', 'CY-05', 'CM001'),
('CY-05-1527', '2023-03-26', '16:00', 'CY-05', 'TR001'),
('CY-05-1528', '2023-03-26', '18:00', 'CY-05', 'AC003'),
('CY-05-1529', '2023-03-26', '20:00', 'CY-05', 'AC003'),
('CY-05-1587', '2023-03-27', '16:00', 'CY-05', 'CF004'),
('CY-05-1588', '2023-03-27', '18:00', 'CY-05', 'DM003'),
('CY-05-1589', '2023-03-27', '20:00', 'CY-05', 'AC002'),
('CY-05-1647', '2023-03-28', '16:00', 'CY-05', 'CF001'),
('CY-05-1648', '2023-03-28', '18:00', 'CY-05', 'CF002'),
('CY-05-1649', '2023-03-28', '20:00', 'CY-05', 'CF002'),
('CY-05-1707', '2023-03-29', '16:00', 'CY-05', 'AC001'),
('CY-05-1708', '2023-03-29', '18:00', 'CY-05', 'TR004'),
('CY-05-1709', '2023-03-29', '20:00', 'CY-05', 'TR003'),
('CY-05-1767', '2023-03-30', '16:00', 'CY-05', 'CM005'),
('CY-05-1768', '2023-03-30', '18:00', 'CY-05', 'DM005'),
('CY-05-1769', '2023-03-30', '20:00', 'CY-05', 'DM001'),
('CY-05-1827', '2023-03-31', '16:00', 'CY-05', 'TR004'),
('CY-05-1828', '2023-03-31', '18:00', 'CY-05', 'AC003'),
('CY-05-1829', '2023-03-31', '20:00', 'CY-05', 'AC002');

--
-- Índices para tablas volcadas
--

--
-- Indices de la tabla `cines`
--
ALTER TABLE `cines`
  ADD PRIMARY KEY (`cod_cine`);

--
-- Indices de la tabla `clientes`
--
ALTER TABLE `clientes`
  ADD PRIMARY KEY (`dni`);

--
-- Indices de la tabla `peliculas`
--
ALTER TABLE `peliculas`
  ADD PRIMARY KEY (`cod_pelicula`);

--
-- Indices de la tabla `salas`
--
ALTER TABLE `salas`
  ADD PRIMARY KEY (`cod_sala`),
  ADD KEY `cod_cine` (`cod_cine`);

--
-- Indices de la tabla `sesiones`
--
ALTER TABLE `sesiones`
  ADD PRIMARY KEY (`cod_sesion`),
  ADD KEY `cod_sala` (`cod_sala`),
  ADD KEY `cod_pelicula` (`cod_pelicula`);

--
-- Restricciones para tablas volcadas
--

--
-- Filtros para la tabla `salas`
--
ALTER TABLE `salas`
  ADD CONSTRAINT `salas_ibfk_1` FOREIGN KEY (`cod_cine`) REFERENCES `cines` (`cod_cine`);

--
-- Filtros para la tabla `sesiones`
--
ALTER TABLE `sesiones`
  ADD CONSTRAINT `sesiones_ibfk_1` FOREIGN KEY (`cod_sala`) REFERENCES `salas` (`cod_sala`),
  ADD CONSTRAINT `sesiones_ibfk_2` FOREIGN KEY (`cod_pelicula`) REFERENCES `peliculas` (`cod_pelicula`);
COMMIT;

/*!40101 SET CHARACTER_SET_CLIENT=@OLD_CHARACTER_SET_CLIENT */;
/*!40101 SET CHARACTER_SET_RESULTS=@OLD_CHARACTER_SET_RESULTS */;
/*!40101 SET COLLATION_CONNECTION=@OLD_COLLATION_CONNECTION */;
